--
-- PostgreSQL database dump
--

-- Dumped from database version 10.4
-- Dumped by pg_dump version 10.6 (Ubuntu 10.6-0ubuntu0.18.04.1)

SET statement_timeout = 0;
SET lock_timeout = 0;
SET idle_in_transaction_session_timeout = 0;
SET client_encoding = 'UTF8';
SET standard_conforming_strings = on;
SELECT pg_catalog.set_config('search_path', '', false);
SET check_function_bodies = false;
SET client_min_messages = warning;
SET row_security = off;

--
-- Name: plpgsql; Type: EXTENSION; Schema: -; Owner: 
--

CREATE EXTENSION IF NOT EXISTS plpgsql WITH SCHEMA pg_catalog;


--
-- Name: EXTENSION plpgsql; Type: COMMENT; Schema: -; Owner: 
--

COMMENT ON EXTENSION plpgsql IS 'PL/pgSQL procedural language';


SET default_tablespace = '';

SET default_with_oids = false;

--
-- Name: address; Type: TABLE; Schema: public; Owner: root
--

CREATE TABLE public.address (
    id integer NOT NULL,
    street_name text NOT NULL,
    home_number text NOT NULL,
    zip_code text NOT NULL,
    country text
);


ALTER TABLE public.address OWNER TO root;

--
-- Name: address_id_seq; Type: SEQUENCE; Schema: public; Owner: root
--

CREATE SEQUENCE public.address_id_seq
    AS integer
    START WITH 1
    INCREMENT BY 1
    NO MINVALUE
    NO MAXVALUE
    CACHE 1;


ALTER TABLE public.address_id_seq OWNER TO root;

--
-- Name: address_id_seq; Type: SEQUENCE OWNED BY; Schema: public; Owner: root
--

ALTER SEQUENCE public.address_id_seq OWNED BY public.address.id;


--
-- Name: bill; Type: TABLE; Schema: public; Owner: root
--

CREATE TABLE public.bill (
    id integer NOT NULL,
    emission_date date NOT NULL,
    total_amout_ati numeric(5,2) NOT NULL,
    order_id integer NOT NULL
);


ALTER TABLE public.bill OWNER TO root;

--
-- Name: bill_id_seq; Type: SEQUENCE; Schema: public; Owner: root
--

CREATE SEQUENCE public.bill_id_seq
    AS integer
    START WITH 1
    INCREMENT BY 1
    NO MINVALUE
    NO MAXVALUE
    CACHE 1;


ALTER TABLE public.bill_id_seq OWNER TO root;

--
-- Name: bill_id_seq; Type: SEQUENCE OWNED BY; Schema: public; Owner: root
--

ALTER SEQUENCE public.bill_id_seq OWNED BY public.bill.id;


--
-- Name: catalog_item; Type: TABLE; Schema: public; Owner: root
--

CREATE TABLE public.catalog_item (
    id integer NOT NULL,
    name text NOT NULL,
    description text NOT NULL,
    picture_file text,
    unit_price_ati numeric(4,2) NOT NULL,
    is_available boolean DEFAULT false NOT NULL,
    is_displayed boolean DEFAULT false NOT NULL,
    recipe_id integer,
    product_id integer
);


ALTER TABLE public.catalog_item OWNER TO root;

--
-- Name: catalog_item_id_seq; Type: SEQUENCE; Schema: public; Owner: root
--

CREATE SEQUENCE public.catalog_item_id_seq
    AS integer
    START WITH 1
    INCREMENT BY 1
    NO MINVALUE
    NO MAXVALUE
    CACHE 1;


ALTER TABLE public.catalog_item_id_seq OWNER TO root;

--
-- Name: catalog_item_id_seq; Type: SEQUENCE OWNED BY; Schema: public; Owner: root
--

ALTER SEQUENCE public.catalog_item_id_seq OWNED BY public.catalog_item.id;


--
-- Name: contains_item; Type: TABLE; Schema: public; Owner: root
--

CREATE TABLE public.contains_item (
    order_id integer NOT NULL,
    item_id integer NOT NULL,
    quantity integer DEFAULT 1 NOT NULL,
    unit_price_ati numeric(4,2) NOT NULL
);


ALTER TABLE public.contains_item OWNER TO root;

--
-- Name: has_keyword; Type: TABLE; Schema: public; Owner: root
--

CREATE TABLE public.has_keyword (
    item_id integer NOT NULL,
    keyword_id integer NOT NULL
);


ALTER TABLE public.has_keyword OWNER TO root;

--
-- Name: has_permission_to; Type: TABLE; Schema: public; Owner: root
--

CREATE TABLE public.has_permission_to (
    role_id integer NOT NULL,
    permission_id integer NOT NULL
);


ALTER TABLE public.has_permission_to OWNER TO root;

--
-- Name: has_product_in_stock; Type: TABLE; Schema: public; Owner: root
--

CREATE TABLE public.has_product_in_stock (
    pizzeria_id integer NOT NULL,
    product_id integer NOT NULL,
    quantity integer DEFAULT 0 NOT NULL
);


ALTER TABLE public.has_product_in_stock OWNER TO root;

--
-- Name: keyword; Type: TABLE; Schema: public; Owner: root
--

CREATE TABLE public.keyword (
    id integer NOT NULL,
    name text NOT NULL
);


ALTER TABLE public.keyword OWNER TO root;

--
-- Name: keyword_id_seq; Type: SEQUENCE; Schema: public; Owner: root
--

CREATE SEQUENCE public.keyword_id_seq
    AS integer
    START WITH 1
    INCREMENT BY 1
    NO MINVALUE
    NO MAXVALUE
    CACHE 1;


ALTER TABLE public.keyword_id_seq OWNER TO root;

--
-- Name: keyword_id_seq; Type: SEQUENCE OWNED BY; Schema: public; Owner: root
--

ALTER SEQUENCE public.keyword_id_seq OWNED BY public.keyword.id;


--
-- Name: member; Type: TABLE; Schema: public; Owner: root
--

CREATE TABLE public.member (
    id integer NOT NULL,
    name text NOT NULL,
    firstname text NOT NULL,
    works_at_pizzeria_id integer,
    user_account_id integer,
    address_id integer NOT NULL,
    role_id integer
);


ALTER TABLE public.member OWNER TO root;

--
-- Name: member_id_seq; Type: SEQUENCE; Schema: public; Owner: root
--

CREATE SEQUENCE public.member_id_seq
    AS integer
    START WITH 1
    INCREMENT BY 1
    NO MINVALUE
    NO MAXVALUE
    CACHE 1;


ALTER TABLE public.member_id_seq OWNER TO root;

--
-- Name: member_id_seq; Type: SEQUENCE OWNED BY; Schema: public; Owner: root
--

ALTER SEQUENCE public.member_id_seq OWNED BY public.member.id;


--
-- Name: order_status; Type: TABLE; Schema: public; Owner: root
--

CREATE TABLE public.order_status (
    id integer NOT NULL,
    label text NOT NULL
);


ALTER TABLE public.order_status OWNER TO root;

--
-- Name: order_status_id_seq; Type: SEQUENCE; Schema: public; Owner: root
--

CREATE SEQUENCE public.order_status_id_seq
    AS integer
    START WITH 1
    INCREMENT BY 1
    NO MINVALUE
    NO MAXVALUE
    CACHE 1;


ALTER TABLE public.order_status_id_seq OWNER TO root;

--
-- Name: order_status_id_seq; Type: SEQUENCE OWNED BY; Schema: public; Owner: root
--

ALTER SEQUENCE public.order_status_id_seq OWNED BY public.order_status.id;


--
-- Name: permission; Type: TABLE; Schema: public; Owner: root
--

CREATE TABLE public.permission (
    id integer NOT NULL,
    label text NOT NULL
);


ALTER TABLE public.permission OWNER TO root;

--
-- Name: permission_id_seq; Type: SEQUENCE; Schema: public; Owner: root
--

CREATE SEQUENCE public.permission_id_seq
    AS integer
    START WITH 1
    INCREMENT BY 1
    NO MINVALUE
    NO MAXVALUE
    CACHE 1;


ALTER TABLE public.permission_id_seq OWNER TO root;

--
-- Name: permission_id_seq; Type: SEQUENCE OWNED BY; Schema: public; Owner: root
--

ALTER SEQUENCE public.permission_id_seq OWNED BY public.permission.id;


--
-- Name: pizzeria; Type: TABLE; Schema: public; Owner: root
--

CREATE TABLE public.pizzeria (
    id integer NOT NULL,
    name text,
    phone_nb text NOT NULL,
    address_id integer NOT NULL
);


ALTER TABLE public.pizzeria OWNER TO root;

--
-- Name: pizzeria_id_seq; Type: SEQUENCE; Schema: public; Owner: root
--

CREATE SEQUENCE public.pizzeria_id_seq
    AS integer
    START WITH 1
    INCREMENT BY 1
    NO MINVALUE
    NO MAXVALUE
    CACHE 1;


ALTER TABLE public.pizzeria_id_seq OWNER TO root;

--
-- Name: pizzeria_id_seq; Type: SEQUENCE OWNED BY; Schema: public; Owner: root
--

ALTER SEQUENCE public.pizzeria_id_seq OWNED BY public.pizzeria.id;


--
-- Name: product; Type: TABLE; Schema: public; Owner: root
--

CREATE TABLE public.product (
    id integer NOT NULL,
    name text NOT NULL,
    barcode text NOT NULL,
    gram_weight integer NOT NULL,
    unit_price_ati numeric(4,2) NOT NULL
);


ALTER TABLE public.product OWNER TO root;

--
-- Name: product_id_seq; Type: SEQUENCE; Schema: public; Owner: root
--

CREATE SEQUENCE public.product_id_seq
    AS integer
    START WITH 1
    INCREMENT BY 1
    NO MINVALUE
    NO MAXVALUE
    CACHE 1;


ALTER TABLE public.product_id_seq OWNER TO root;

--
-- Name: product_id_seq; Type: SEQUENCE OWNED BY; Schema: public; Owner: root
--

ALTER SEQUENCE public.product_id_seq OWNED BY public.product.id;


--
-- Name: recipe; Type: TABLE; Schema: public; Owner: root
--

CREATE TABLE public.recipe (
    id integer NOT NULL,
    name text NOT NULL,
    is_public boolean DEFAULT false,
    description text NOT NULL
);


ALTER TABLE public.recipe OWNER TO root;

--
-- Name: recipe_id_seq; Type: SEQUENCE; Schema: public; Owner: root
--

CREATE SEQUENCE public.recipe_id_seq
    AS integer
    START WITH 1
    INCREMENT BY 1
    NO MINVALUE
    NO MAXVALUE
    CACHE 1;


ALTER TABLE public.recipe_id_seq OWNER TO root;

--
-- Name: recipe_id_seq; Type: SEQUENCE OWNED BY; Schema: public; Owner: root
--

ALTER SEQUENCE public.recipe_id_seq OWNED BY public.recipe.id;


--
-- Name: requires_product; Type: TABLE; Schema: public; Owner: root
--

CREATE TABLE public.requires_product (
    recipe_id integer NOT NULL,
    product_id integer NOT NULL,
    gram_amount integer NOT NULL
);


ALTER TABLE public.requires_product OWNER TO root;

--
-- Name: role; Type: TABLE; Schema: public; Owner: root
--

CREATE TABLE public.role (
    id integer NOT NULL,
    name text NOT NULL
);


ALTER TABLE public.role OWNER TO root;

--
-- Name: role_id_seq; Type: SEQUENCE; Schema: public; Owner: root
--

CREATE SEQUENCE public.role_id_seq
    AS integer
    START WITH 1
    INCREMENT BY 1
    NO MINVALUE
    NO MAXVALUE
    CACHE 1;


ALTER TABLE public.role_id_seq OWNER TO root;

--
-- Name: role_id_seq; Type: SEQUENCE OWNED BY; Schema: public; Owner: root
--

ALTER SEQUENCE public.role_id_seq OWNED BY public.role.id;


--
-- Name: taken_order; Type: TABLE; Schema: public; Owner: root
--

CREATE TABLE public.taken_order (
    id integer NOT NULL,
    member_id integer NOT NULL,
    address_id integer NOT NULL,
    pizzeria_id integer NOT NULL,
    bill_id integer,
    status_id integer NOT NULL,
    is_paid boolean DEFAULT false NOT NULL
);


ALTER TABLE public.taken_order OWNER TO root;

--
-- Name: taken_order_id_seq; Type: SEQUENCE; Schema: public; Owner: root
--

CREATE SEQUENCE public.taken_order_id_seq
    AS integer
    START WITH 1
    INCREMENT BY 1
    NO MINVALUE
    NO MAXVALUE
    CACHE 1;


ALTER TABLE public.taken_order_id_seq OWNER TO root;

--
-- Name: taken_order_id_seq; Type: SEQUENCE OWNED BY; Schema: public; Owner: root
--

ALTER SEQUENCE public.taken_order_id_seq OWNED BY public.taken_order.id;


--
-- Name: user_account; Type: TABLE; Schema: public; Owner: root
--

CREATE TABLE public.user_account (
    id integer NOT NULL,
    member_id integer NOT NULL,
    email text NOT NULL,
    phone_nb text,
    hashed_pwd text NOT NULL
);


ALTER TABLE public.user_account OWNER TO root;

--
-- Name: user_account_id_seq; Type: SEQUENCE; Schema: public; Owner: root
--

CREATE SEQUENCE public.user_account_id_seq
    AS integer
    START WITH 1
    INCREMENT BY 1
    NO MINVALUE
    NO MAXVALUE
    CACHE 1;


ALTER TABLE public.user_account_id_seq OWNER TO root;

--
-- Name: user_account_id_seq; Type: SEQUENCE OWNED BY; Schema: public; Owner: root
--

ALTER SEQUENCE public.user_account_id_seq OWNED BY public.user_account.id;


--
-- Name: address id; Type: DEFAULT; Schema: public; Owner: root
--

ALTER TABLE ONLY public.address ALTER COLUMN id SET DEFAULT nextval('public.address_id_seq'::regclass);


--
-- Name: bill id; Type: DEFAULT; Schema: public; Owner: root
--

ALTER TABLE ONLY public.bill ALTER COLUMN id SET DEFAULT nextval('public.bill_id_seq'::regclass);


--
-- Name: catalog_item id; Type: DEFAULT; Schema: public; Owner: root
--

ALTER TABLE ONLY public.catalog_item ALTER COLUMN id SET DEFAULT nextval('public.catalog_item_id_seq'::regclass);


--
-- Name: keyword id; Type: DEFAULT; Schema: public; Owner: root
--

ALTER TABLE ONLY public.keyword ALTER COLUMN id SET DEFAULT nextval('public.keyword_id_seq'::regclass);


--
-- Name: member id; Type: DEFAULT; Schema: public; Owner: root
--

ALTER TABLE ONLY public.member ALTER COLUMN id SET DEFAULT nextval('public.member_id_seq'::regclass);


--
-- Name: order_status id; Type: DEFAULT; Schema: public; Owner: root
--

ALTER TABLE ONLY public.order_status ALTER COLUMN id SET DEFAULT nextval('public.order_status_id_seq'::regclass);


--
-- Name: permission id; Type: DEFAULT; Schema: public; Owner: root
--

ALTER TABLE ONLY public.permission ALTER COLUMN id SET DEFAULT nextval('public.permission_id_seq'::regclass);


--
-- Name: pizzeria id; Type: DEFAULT; Schema: public; Owner: root
--

ALTER TABLE ONLY public.pizzeria ALTER COLUMN id SET DEFAULT nextval('public.pizzeria_id_seq'::regclass);


--
-- Name: product id; Type: DEFAULT; Schema: public; Owner: root
--

ALTER TABLE ONLY public.product ALTER COLUMN id SET DEFAULT nextval('public.product_id_seq'::regclass);


--
-- Name: recipe id; Type: DEFAULT; Schema: public; Owner: root
--

ALTER TABLE ONLY public.recipe ALTER COLUMN id SET DEFAULT nextval('public.recipe_id_seq'::regclass);


--
-- Name: role id; Type: DEFAULT; Schema: public; Owner: root
--

ALTER TABLE ONLY public.role ALTER COLUMN id SET DEFAULT nextval('public.role_id_seq'::regclass);


--
-- Name: taken_order id; Type: DEFAULT; Schema: public; Owner: root
--

ALTER TABLE ONLY public.taken_order ALTER COLUMN id SET DEFAULT nextval('public.taken_order_id_seq'::regclass);


--
-- Name: user_account id; Type: DEFAULT; Schema: public; Owner: root
--

ALTER TABLE ONLY public.user_account ALTER COLUMN id SET DEFAULT nextval('public.user_account_id_seq'::regclass);


--
-- Data for Name: address; Type: TABLE DATA; Schema: public; Owner: root
--

COPY public.address (id, street_name, home_number, zip_code, country) FROM stdin;
1	Chemin Renaud	5	09595	France
2	avenue Hortense Julien	10	35801	France
3	Rue Herve	56	75917	France
4	Rue Daisy Rolland	5	67999	France
5	Boulevard De Leclerc	77	84474	France
6	Rue De Cordier	15	41505	France
7	Avenue De Godard	63	03314	France
8	Chemin Clémence Payet	3	63060	France
9	Chemin De Pruvost	68	13327	France
10	Avenue De Legendre	31	86328	France
11	Boulevard De Dupuy	6	35473	France
12	Boulevard Margot Normand	85	16478	France
13	Rue De Bonnet	3	13083	France
14	rue Guerin	46	35414	France
15	Rue Aurélie Martel	10	47164	France
16	avenue Louis Martins	703	66357	France
17	Chemin De Aubry	43	69134	France
18	rue Margaud Le Goff	27	87241	France
19	Rue Marques	39	42775	France
20	Rue De Coste	51	52539	France
21	Boulevard Paul Bodin	43	65666	France
22	Boulevard Alphonse Simon	2	78378	France
23	Avenue Bailly	59	69354	France
24	Avenue Paul Pages	150	45168	France
25	Boulevard De Thibault	5	24723	France
26	Boulevard Allard	67	91637	France
27	Chemin De Rousset	354	17901	France
28	Chemin Noémi Schmitt	10	87816	France
29	Avenue Christine Besson	60	70344	France
30	rue Boucher	344	39242	France
31	Chemin De Herve	34	66080	France
32	Boulevard De Maillard	5	21635	France
33	Chemin Pereira	77	13422	France
34	Boulevard Joseph Leroux	84	59502	France
35	Chemin Tristan Costa	772	61401	France
36	Avenue Jeannine Benard	52	25783	France
37	Boulevard Jules Alexandre	1	59652	France
38	Boulevard Dumas	82	09199	France
39	Boulevard Payet	595	83726	France
40	Rue Hélène Bonneau	74	35192	France
41	Chemin Vincent	39	93817	France
42	Chemin Charpentier	828	67578	France
43	Rue Isaac Duhamel	126	51518	France
44	Avenue Ribeiro	81	63229	France
45	Chemin Sanchez	48	32995	France
46	Rue Carre	71	72452	France
47	Rue Alain Da Costa	38	02490	France
48	Boulevard De Courtois	12	77963	France
49	Rue De Hamel	83	65997	France
50	Rue De Thomas	9	67495	France
51	rue Berthelot	95	93577	France
52	Boulevard Adèle Couturier	171	95271	France
53	Chemin Benard	451	45501	France
54	Avenue Boyer	63	82329	France
55	Avenue Capucine Potier	212	78335	France
56	Chemin Arthur Pierre	92	50312	France
57	Rue De Laporte	2	88715	France
58	Chemin Arnaud	513	49987	France
59	Rue De Julien	60	62284	France
60	Rue De Joubert	7	11450	France
61	Avenue Fabre	62	57128	France
62	Avenue Briand	6	23290	France
63	Rue Denis Lelievre	56	88821	France
64	rue Madeleine Roger	91	67776	France
65	Rue De Bousquet	37	86129	France
66	Rue De Boulay	98	48520	France
67	Rue Susanne Jacquet	31	08632	France
68	boulevard de Coste	89	65093	France
69	Boulevard De Schneider	89	25184	France
70	Boulevard Brigitte Bernier	4	39650	France
71	rue Chauvin	32	77741	France
72	Chemin Lejeune	69	81779	France
73	chemin Picard	51	25443	France
74	Chemin Martin	987	00847	France
75	Boulevard De Blanchard	99	90111	France
76	rue de Blanchard	17	87504	France
77	Boulevard Paris	28	95684	France
78	Rue Aimé Henry	5	38215	France
79	Rue De Lefebvre	6	94499	France
80	Avenue Martineau	23	52514	France
81	Rue Delorme	22	95965	France
82	Rue Lemaitre	30	01059	France
83	rue de Clerc	951	05722	France
84	Chemin Charles	577	38413	France
85	avenue de Noel	52	67906	France
86	rue de Diaz	10	60483	France
87	Rue Isaac Giraud	4	33686	France
88	Avenue De Chevallier	79	27629	France
89	Rue Lorraine Barbier	7	31419	France
90	Boulevard Adélaïde Tanguy	76	92876	France
91	Rue Pires	18	22392	France
92	rue Baron	66	65690	France
93	Avenue De Petit	96	96429	France
94	rue Colas	75	44588	France
95	Avenue De Ollivier	17	77896	France
96	Boulevard Raynaud	29	04494	France
97	Boulevard Tanguy	9	15129	France
98	avenue de Leblanc	100	29663	France
99	Avenue De Levy	62	46508	France
100	Rue Alice Salmon	72	72655	France
101	Boulevard Jacques Lefebvre	26	97513	France
102	Avenue De Loiseau	42	33178	France
103	Rue Potier	83	51904	France
104	Avenue De Delaunay	142	94862	France
105	Rue Alexandre Mercier	89	16136	France
106	Avenue De Techer	99	99202	France
107	Rue De Marie	53	80714	France
108	Chemin Philippe Toussaint	6	97118	France
109	Rue Gaudin	26	52503	France
110	Rue Moulin	883	91644	France
111	Avenue Hubert	18	42365	France
112	boulevard de Lelievre	71	13677	France
113	Rue Bonneau	56	02447	France
114	Avenue Bouchet	178	80513	France
115	Boulevard De Maury	25	24274	France
116	Avenue De Gregoire	4	82258	France
117	Chemin Weber	1	20152	France
118	Rue De Legros	50	29831	France
119	Rue De Marques	1	50483	France
120	boulevard de Martel	6	31549	France
121	Avenue Hoareau	2	71408	France
122	avenue Patricia Bousquet	3	69898	France
123	Boulevard Lagarde	123	42754	France
124	Boulevard Chauvin	2	75991	France
125	Rue Hortense Lebreton	96	16197	France
126	Rue Alice Mace	70	17039	France
127	Boulevard Sylvie Philippe	91	59691	France
128	Boulevard Payet	6	90188	France
129	Avenue De Guyon	17	86243	France
130	Boulevard Langlois	8	20382	France
131	Boulevard De Bonnin	32	23153	France
132	Rue Antoine Da Silva	48	55170	France
133	Boulevard Josette Labbe	81	20705	France
134	Chemin Suzanne De Sousa	21	10837	France
135	Chemin De Le Roux	10	87463	France
136	Chemin Geneviève Girard	10	45857	France
137	Rue Aimée Martin	559	39824	France
138	Chemin Hélène Noel	37	73112	France
139	Rue Auguste Toussaint	7	62918	France
140	Chemin De Loiseau	65	24539	France
141	Boulevard Frédéric Dijoux	5	70953	France
142	Chemin De Perret	41	71685	France
143	Boulevard Marianne Foucher	2	60882	France
144	Rue De Bourgeois	3	12101	France
145	chemin Launay	4	19680	France
146	rue Gillet	653	69633	France
147	Boulevard De Marques	18	03615	France
148	chemin Labbe	51	03136	France
149	Boulevard Rey	62	01826	France
150	Rue Alphonse Fabre	14	28257	France
151	Rue De Brunel	7	86602	France
152	Chemin De Dos Santos	64	20453	France
153	Rue Richard	59	77645	France
154	Boulevard Petitjean	88	97189	France
155	Rue Sanchez	448	09431	France
156	Rue De Faure	6	99413	France
157	Boulevard Hardy	18	64354	France
158	Boulevard Raymond	69	00946	France
159	Rue De Chevalier	551	12587	France
160	avenue Lebrun	22	26156	France
161	Avenue De Morel	85	47599	France
162	Rue Chevalier	30	20184	France
163	Rue Nathalie Sanchez	86	00343	France
164	Rue De Valette	35	09149	France
165	avenue Maury	1	68353	France
166	Boulevard Herve	65	73661	France
167	Rue Lejeune	70	94214	France
168	boulevard Clémence Giraud	884	50780	France
169	Avenue De Gosselin	3	68371	France
170	Chemin Victoire Delannoy	88	26125	France
171	Boulevard De Laporte	8	10582	France
172	Rue Lucas Carlier	15	91640	France
173	Boulevard Maurice	2	82687	France
174	Rue Guy Fischer	271	72515	France
175	Boulevard Deschamps	2	14445	France
176	Avenue De Roche	4	74036	France
177	Avenue De Lemaire	5	91957	France
178	Rue De Lemoine	21	54104	France
179	Chemin Fernandez	626	42755	France
180	Rue Teixeira	94	87635	France
181	Rue Margaud Royer	831	50709	France
182	Rue Adam	56	31237	France
183	Boulevard De Gomez	266	84503	France
184	Chemin Amélie Payet	45	98521	France
185	chemin de Remy	80	87631	France
186	Boulevard Marianne David	5	57117	France
187	Rue De Joubert	58	55960	France
188	Avenue De Guyot	39	18811	France
189	Rue De Le Roux	938	15353	France
190	Rue Blot	5	84412	France
191	Rue Philippe	28	73805	France
192	Chemin De Lebon	42	17598	France
193	chemin de Buisson	681	48656	France
194	Rue Susanne Navarro	91	03942	France
195	Rue Marie	88	41714	France
196	Boulevard Marianne Hoarau	23	48286	France
197	Rue De Mendes	875	03944	France
198	Avenue Marty	41	16505	France
199	Rue De Bourdon	46	14750	France
200	Rue De Bonnet	24	05469	France
201	avenue Olivie Louis	37	10829	France
202	Boulevard De Fernandes	687	88693	France
203	Rue De Gilles	81	25647	France
204	chemin Ramos	696	90964	France
205	Avenue Théodore Garcia	64	22481	France
206	Boulevard Théodore Bruneau	254	56143	France
207	Boulevard De Garnier	3	99207	France
208	Chemin De Joly	22	25606	France
209	Rue Corinne Lombard	7	75506	France
210	Rue Mercier	5	34323	France
211	Chemin De Rey	68	63734	France
212	Boulevard De Gomez	37	57540	France
213	Boulevard De Vidal	4	97094	France
214	rue de Martel	27	19424	France
215	chemin Chevalier	42	50825	France
216	Avenue De Mathieu	96	75624	France
217	Rue De Pires	7	24324	France
218	Chemin Patrick Hoarau	33	75678	France
219	chemin Guillaume Hubert	296	39441	France
220	Chemin Agnès Renard	1	85562	France
221	Boulevard Sanchez	92	92858	France
222	Boulevard Olivie Fontaine	57	93440	France
223	Boulevard Turpin	23	36908	France
224	Rue Roussel	31	76665	France
225	Rue De Pineau	54	55407	France
226	Rue Berger	16	64991	France
227	Rue Emmanuelle Henry	8	75939	France
228	Rue Christiane Jourdan	14	42822	France
229	Chemin Susanne Allard	54	27071	France
230	Rue Claude Alexandre	3	11151	France
231	Avenue Daniel	31	21662	France
232	Rue Godard	3	83460	France
233	Rue Inès Le Roux	708	13892	France
234	Boulevard Michelle Fleury	73	22741	France
235	Rue Menard	850	77271	France
236	Boulevard De Lagarde	66	41688	France
237	Boulevard De Coste	868	38279	France
238	Rue Brigitte Blondel	71	31355	France
239	Rue Fernandes	6	61178	France
240	boulevard Margaret Morel	183	12435	France
241	Rue Yves Barbe	46	90783	France
242	Boulevard De Costa	8	81427	France
243	Rue Delmas	862	85800	France
244	Boulevard Agathe Guilbert	77	97028	France
245	Avenue Brunel	396	07541	France
246	Chemin Marc Simon	23	34522	France
247	Boulevard Pelletier	83	90786	France
248	Boulevard De Rocher	13	54036	France
249	Rue Joséphine Coulon	70	49239	France
250	Boulevard Nicole Marechal	57	24761	France
\.


--
-- Data for Name: bill; Type: TABLE DATA; Schema: public; Owner: root
--

COPY public.bill (id, emission_date, total_amout_ati, order_id) FROM stdin;
1	2016-11-23	25.66	1
2	2016-09-09	64.87	2
3	2016-01-20	85.40	3
4	2013-07-28	69.11	4
5	2018-02-23	84.15	5
6	2011-08-07	45.96	6
7	2011-12-14	65.53	7
8	2015-11-03	49.50	8
9	2014-04-26	18.40	9
10	2018-03-25	62.70	10
11	2015-01-29	63.72	11
12	2016-05-28	50.75	12
13	2014-09-09	68.67	13
14	2013-06-12	8.14	14
15	2011-03-26	60.80	15
16	2012-12-28	30.40	16
17	2012-08-05	64.68	17
18	2018-06-21	80.97	18
19	2011-06-17	93.20	19
20	2012-09-11	36.52	20
21	2015-09-30	94.87	21
22	2011-03-22	46.37	22
23	2013-05-02	40.53	23
24	2012-01-16	72.30	24
25	2011-06-30	20.00	25
26	2015-03-04	76.28	26
27	2016-06-09	88.10	27
28	2017-03-06	71.27	28
29	2015-07-10	31.64	29
30	2010-02-22	81.17	30
31	2016-06-22	40.19	31
32	2014-07-04	52.52	32
33	2016-01-14	4.67	33
34	2015-04-09	48.12	34
35	2018-05-10	54.97	35
36	2011-08-01	1.57	36
37	2016-07-20	36.69	37
38	2016-07-12	9.73	38
39	2010-08-12	41.80	39
40	2013-08-17	19.73	40
41	2018-11-02	54.39	41
42	2014-08-13	99.66	42
43	2015-05-09	59.60	43
44	2013-05-12	28.80	44
45	2018-02-26	9.30	45
46	2013-01-11	42.74	46
47	2015-06-29	13.24	47
48	2016-09-07	32.99	48
49	2014-04-17	64.76	49
50	2016-12-18	54.54	50
51	2018-06-02	5.94	51
52	2011-09-22	65.29	52
53	2016-12-23	40.80	53
54	2013-01-31	81.50	54
55	2013-05-23	19.60	55
56	2013-02-19	13.80	56
57	2018-10-27	91.48	57
58	2016-12-26	67.67	58
59	2017-07-02	89.10	59
60	2010-09-18	53.37	60
61	2019-01-07	34.59	61
62	2016-12-26	21.35	62
63	2016-04-05	71.12	63
64	2010-06-26	36.48	64
65	2018-04-11	13.84	65
66	2017-10-27	69.38	66
67	2011-12-11	10.11	67
68	2017-06-24	8.98	68
69	2015-02-19	89.33	69
70	2017-09-09	85.88	70
71	2016-02-24	21.11	71
72	2010-02-27	30.21	72
73	2011-10-27	92.40	73
74	2013-09-06	72.90	74
75	2017-10-24	79.75	75
76	2016-01-04	80.24	76
77	2011-09-19	68.63	77
78	2016-07-04	28.64	78
79	2011-10-27	10.68	79
80	2013-04-05	60.43	80
81	2017-01-22	86.52	81
82	2018-11-20	22.46	82
83	2015-11-08	84.64	83
84	2016-10-18	19.36	84
85	2015-04-04	52.41	85
86	2010-08-31	83.43	86
87	2014-04-21	58.29	87
88	2013-10-16	64.88	88
89	2016-08-04	46.56	89
90	2016-12-13	61.61	90
91	2018-08-16	71.76	91
92	2011-12-08	52.90	92
93	2012-03-31	31.71	93
94	2013-05-06	76.17	94
95	2011-06-29	38.27	95
96	2011-01-27	14.44	96
97	2012-08-16	6.44	97
98	2012-03-09	82.82	98
99	2014-09-25	75.46	99
100	2015-07-12	64.56	100
101	2013-09-19	13.80	101
102	2011-07-04	80.68	102
103	2017-04-09	82.87	103
104	2014-08-21	18.33	104
105	2017-05-27	98.10	105
106	2018-12-11	57.96	106
107	2018-09-15	52.92	107
108	2018-01-10	65.40	108
109	2015-09-24	95.34	109
110	2011-11-11	46.45	110
111	2016-10-14	30.75	111
112	2010-04-26	81.63	112
113	2016-07-04	4.74	113
114	2015-09-06	53.98	114
115	2013-03-29	66.19	115
116	2018-06-13	57.00	116
117	2010-12-14	52.10	117
118	2010-06-19	0.62	118
119	2018-08-29	57.96	119
120	2017-01-30	90.63	120
121	2012-02-13	2.39	121
122	2010-06-03	62.94	122
123	2018-06-17	44.16	123
124	2014-11-23	98.60	124
125	2012-09-26	95.70	125
126	2013-03-08	18.47	126
127	2015-11-23	42.97	127
128	2012-12-18	99.23	128
129	2018-10-24	28.24	129
130	2018-03-29	65.27	130
131	2010-12-11	42.40	131
132	2011-11-04	62.40	132
133	2015-09-03	77.47	133
134	2010-11-01	71.30	134
135	2015-09-08	29.30	135
136	2017-06-29	63.19	136
137	2017-04-14	72.10	137
138	2018-09-18	10.49	138
139	2014-10-16	91.38	139
140	2013-11-27	50.38	140
141	2017-04-12	6.77	141
142	2015-08-29	78.32	142
143	2016-07-16	73.40	143
144	2017-06-30	57.18	144
145	2018-06-04	36.80	145
146	2015-04-20	46.76	146
147	2010-11-05	21.36	147
148	2011-01-14	94.59	148
149	2012-08-21	27.29	149
150	2018-12-24	54.49	150
151	2015-06-28	11.37	151
152	2014-02-15	42.48	152
153	2010-08-12	20.27	153
154	2011-02-25	83.30	154
155	2011-03-26	48.60	155
156	2012-03-27	79.52	156
157	2012-12-18	27.68	157
158	2015-08-19	36.83	158
159	2011-06-19	12.12	159
160	2010-05-13	66.44	160
161	2018-11-29	47.92	161
162	2016-06-08	7.62	162
163	2013-07-12	73.79	163
164	2011-03-22	15.62	164
165	2016-12-09	42.20	165
166	2012-04-21	12.95	166
167	2013-01-28	9.11	167
168	2015-02-07	5.41	168
169	2012-01-28	82.91	169
170	2018-03-05	40.81	170
171	2013-11-13	8.70	171
172	2010-11-13	52.72	172
173	2015-09-11	3.46	173
174	2015-10-01	45.40	174
175	2012-09-22	92.13	175
176	2012-04-01	80.61	176
177	2015-08-08	81.57	177
178	2015-08-05	55.67	178
179	2011-01-22	34.34	179
180	2016-01-01	92.00	180
181	2016-09-16	70.97	181
182	2015-12-20	47.88	182
183	2016-06-18	20.96	183
184	2014-07-03	84.24	184
185	2014-04-03	82.16	185
186	2011-01-18	31.52	186
187	2015-02-03	89.12	187
188	2017-10-10	11.59	188
189	2012-08-21	82.10	189
190	2018-09-10	75.14	190
191	2011-05-16	71.71	191
192	2014-03-01	40.85	192
193	2014-06-09	46.15	193
194	2015-05-21	13.35	194
195	2017-10-05	97.23	195
196	2013-06-03	65.87	196
197	2018-07-12	35.21	197
198	2011-05-24	90.53	198
199	2011-04-28	21.39	199
200	2014-09-17	85.40	200
201	2014-12-13	35.73	201
202	2016-05-02	29.11	202
203	2011-08-11	41.47	203
204	2011-11-20	1.96	204
205	2013-10-19	94.54	205
206	2010-07-18	81.92	206
207	2018-06-21	3.71	207
208	2012-04-13	41.32	208
209	2018-12-19	54.88	209
210	2015-06-16	98.59	210
211	2010-06-24	82.80	211
212	2014-01-26	2.10	212
213	2014-05-25	93.89	213
214	2016-06-10	92.11	214
215	2013-07-02	79.97	215
216	2018-07-01	2.81	216
217	2014-03-04	52.15	217
218	2018-03-05	35.29	218
219	2013-02-18	44.76	219
220	2014-05-15	59.16	220
221	2012-07-08	85.99	221
222	2015-10-10	39.27	222
223	2014-09-26	11.53	223
224	2018-01-12	85.61	224
225	2010-11-29	9.76	225
226	2011-04-29	8.30	226
227	2018-04-01	20.79	227
228	2013-03-18	99.88	228
229	2010-01-05	13.73	229
230	2012-07-04	84.51	230
231	2013-03-15	28.86	231
232	2013-12-12	71.98	232
233	2014-03-29	95.61	233
234	2010-03-25	66.15	234
235	2015-12-13	3.19	235
236	2013-11-09	1.67	236
237	2017-01-09	12.15	237
238	2012-04-01	50.31	238
239	2014-06-03	74.99	239
240	2010-10-16	29.24	240
241	2018-05-03	25.44	241
242	2012-09-20	41.76	242
243	2010-08-14	50.62	243
244	2010-05-02	52.68	244
245	2013-03-04	30.74	245
246	2013-10-13	48.39	246
247	2013-11-28	63.85	247
248	2018-12-24	55.67	248
249	2013-08-31	50.46	249
250	2010-06-13	77.88	250
\.


--
-- Data for Name: catalog_item; Type: TABLE DATA; Schema: public; Owner: root
--

COPY public.catalog_item (id, name, description, picture_file, unit_price_ati, is_available, is_displayed, recipe_id, product_id) FROM stdin;
1	Spaghetti bolognaise	{"Lit souffler réunir élever tout.","Relever profond parvenir mal bas.","Auprès souffrir après événement danger plaindre émotion ancien."}	fête.jpg	40.72	t	t	1	\N
2	Pizza regina	{"Inviter parce que prouver autrement nuit morceau.","Jour société attacher paraître défaut musique appartement attention.","Propre partout cercle victime indiquer bien peur arrière."}	contenter.jpg	72.49	f	f	2	\N
3	Pizza calzone	{"Préparer route rester peser mari marchand double.","Médecin présent juge perdu eh.","Quoi personne précéder paysan."}	ouvrir.jpg	16.80	f	t	3	\N
4	Pizza quatre saisons	{"Tapis finir rencontrer vin.","Ignorer air matin suite ferme.","Courage répéter doucement vague."}	vers.jpg	3.24	t	t	4	\N
5	Pizza de la mer	{"Planche paupière sec souvenir lire.","Herbe conscience engager quatre mer etc mode.","Coin camarade déclarer étonner."}	réclamer.jpg	66.68	t	t	5	\N
6	Ravioles au crabe	{"Quarante vers émotion fauteuil dieu ne.","Silencieux passage robe réel.","Mort humide boire valeur rocher soir bas."}	tout.jpg	4.68	t	f	6	\N
7	Tagliatelle au saumon	{"Simplement veille souffrance poursuivre convenir.","Passer lutter douleur charger plan.","Lourd nouveau essayer frapper."}	général.jpg	35.68	t	f	7	\N
8	Pizza Margarita	{"Prouver placer chose se saint.","Lentement premier faim flot.","Avec fils pouvoir sonner pénétrer dernier."}	voie.jpg	56.23	f	f	8	\N
9	Pizza hawaïenne	{"Animal comment poursuivre.","Établir rideau bas respirer nord pas quartier.","Convenir sorte mémoire."}	défaut.jpg	11.31	t	t	9	\N
10	Pâtes à la carbonara	{"Ailleurs grave détruire.","Offrir vue appartement briser.","Mêler chien camarade autorité froid journée mener rang."}	plaisir.jpg	94.46	f	t	10	\N
11	Risotto à la truffe	{"Rapide discours attacher davantage passage.","Chat pousser un peur fond disposer liberté.","Longtemps dès combat passage petit pénétrer."}	tirer.jpg	27.95	f	f	11	\N
12	Minestrone	{"Coûter te vers cruel trente conseil.","Flamme tapis souffler personne.","Deux ramasser changement banc printemps."}	compagnie.jpg	58.33	t	f	12	\N
13	Linguine aux fruits de mer	{"Autorité aider bras nation en hésiter ressembler fixer.","Changement plonger voici passé égal sentier ton pointe.","Vaincre perdu note désert remettre malheur pencher entourer."}	quartier.jpg	6.39	t	f	13	\N
14	Pâtes au pesto	{"Vrai perdu depuis relation sourd.","Succès intelligence faute nuage.","Placer chair recommencer soirée."}	sans.jpg	72.87	f	t	14	\N
15	Lasagne	{"Trésor nu contenir.","Flamme inviter vieux.","Sembler oiseau détail nature."}	moins.jpg	62.53	t	t	15	\N
16	Lasagne végétarienne	{"Apparence chef flot précipiter colline lit.","Prévenir frapper revoir.","Grand dur moitié accorder raconter paysage."}	fou.jpg	86.26	f	f	16	\N
17	Raviolis quatre fromages	{"Taire exister précieux.","Grave toile auprès mettre.","Campagne voyage arrêter prix."}	nom.jpg	21.62	t	t	17	\N
18	Escalope à la milanaise	{"Terme revenir devant espace as secours saisir.","Retrouver presser remarquer marcher rencontre détruire.","Beauté prière peu chacun gens toi."}	oublier.jpg	52.60	t	t	18	\N
19	Carpaccio de boeuf	{"Entendre refuser double retirer dernier poste livre moitié.","Père inspirer falloir révéler reprendre.","Queue règle cas."}	fier.jpg	13.57	t	f	19	\N
20	Scalopine	{"Oui lire fuir prochain façon parfois fixe.","École retour obtenir chiffre connaître élément attention.","Source rayon chasser."}	rouler.jpg	62.63	f	t	20	\N
21	Pizza chèvre miel	{"Âge plaisir instant naturellement.","Doucement respirer entrée marché attitude porter preuve.","Embrasser tomber regarder ni attirer accorder."}	jusque.jpg	48.55	f	f	21	\N
22	Pizza végétarienne	{"Sauvage quelque auteur.","Danser claire blond avant.","Fait écraser long étage."}	pourtant.jpg	93.17	f	f	22	\N
23	Pizza napolitaine	{"Agiter militaire creuser maintenant.","Vaste ou malgré garder.","Foi raconter désert cesser fusil pied céder."}	ignorer.jpg	94.28	f	f	23	\N
\.


--
-- Data for Name: contains_item; Type: TABLE DATA; Schema: public; Owner: root
--

COPY public.contains_item (order_id, item_id, quantity, unit_price_ati) FROM stdin;
4	8	8	31.87
245	13	3	59.14
76	8	4	7.35
228	21	1	7.09
28	6	9	55.12
152	12	9	13.17
188	16	1	14.14
222	7	5	48.07
76	1	7	59.63
134	3	6	63.87
180	3	8	39.36
99	18	10	74.49
130	23	7	21.89
5	20	3	56.90
116	13	1	70.37
1	3	7	37.44
237	20	8	59.11
162	7	10	25.51
10	2	7	10.29
201	23	7	6.34
206	8	8	7.95
46	11	4	42.13
115	21	3	27.81
8	16	1	56.80
226	12	6	65.63
120	12	7	9.04
75	6	8	11.78
133	5	8	33.68
176	19	9	31.14
207	17	10	16.67
243	16	3	69.40
173	9	6	5.29
79	17	8	10.33
78	17	8	50.86
53	14	3	72.59
26	10	4	52.24
128	11	9	75.09
60	23	9	37.19
41	22	8	62.96
177	4	10	65.71
63	19	3	27.11
107	22	10	51.24
134	22	5	30.88
159	23	7	58.38
126	7	10	76.84
142	21	4	51.52
248	5	6	46.01
36	15	6	24.31
160	2	4	33.57
129	12	8	30.85
167	1	8	74.08
190	9	10	11.38
92	14	9	71.40
106	5	2	66.45
48	22	4	58.97
37	22	3	9.83
135	9	5	51.21
108	21	6	59.06
189	1	4	28.93
221	23	3	73.34
216	9	8	48.34
204	12	4	6.21
151	19	1	47.99
171	22	4	64.58
84	3	9	23.97
231	3	3	9.01
19	14	3	51.88
92	7	10	71.17
131	10	4	69.81
173	15	5	40.73
211	21	5	76.36
4	10	9	63.34
95	11	5	35.57
250	2	4	77.71
124	18	4	61.30
240	12	1	40.89
33	17	5	54.82
114	16	2	42.43
73	12	5	26.62
12	6	2	21.13
234	23	6	69.07
164	5	6	63.20
2	15	10	7.34
54	23	7	55.41
216	23	1	36.60
132	1	10	13.54
56	12	5	26.16
87	19	2	18.70
246	21	4	43.72
120	9	2	31.36
114	11	9	14.06
117	1	9	61.65
242	6	9	32.52
205	19	6	26.41
176	2	10	70.38
30	23	5	13.80
10	17	7	31.35
70	6	5	57.29
222	13	9	19.67
3	7	4	46.16
19	6	1	54.81
225	21	3	27.22
217	19	6	70.76
71	2	5	22.16
122	16	8	23.67
105	15	5	69.51
210	15	3	77.39
192	6	1	34.95
177	8	5	79.42
77	11	10	38.08
238	14	4	21.77
117	16	7	46.61
128	20	3	9.80
197	3	6	28.83
8	6	5	66.71
225	7	3	62.03
38	15	6	8.45
192	2	9	11.72
174	15	2	42.01
139	18	1	33.63
209	19	8	47.35
78	7	9	18.98
214	10	6	50.19
226	17	5	55.90
205	21	3	19.61
37	12	4	41.36
243	18	1	72.74
214	1	1	26.98
158	11	6	24.00
84	19	5	67.77
114	14	10	39.87
117	9	8	7.06
42	21	2	74.50
114	20	6	8.66
220	10	6	18.45
50	1	8	22.94
226	18	6	61.22
50	13	5	9.48
33	18	7	74.90
19	22	2	54.49
111	14	8	37.06
115	3	1	16.02
209	20	5	50.30
80	15	7	70.49
144	16	10	79.91
241	14	5	65.10
123	6	2	62.42
185	7	5	39.27
105	19	9	51.18
206	6	5	13.03
100	18	7	45.21
27	14	2	15.77
164	8	2	25.09
128	10	7	44.40
176	16	3	58.84
113	22	7	62.07
24	19	5	72.34
42	16	1	10.36
190	12	4	61.13
243	11	9	43.36
187	23	3	27.56
139	10	8	22.93
71	12	10	52.75
154	22	4	73.66
5	23	8	69.95
149	17	6	8.94
220	4	8	78.42
102	7	7	41.77
119	11	9	67.76
198	12	8	57.14
74	8	6	31.71
21	18	3	64.67
176	13	6	43.60
245	3	10	38.95
3	14	6	5.22
39	16	10	16.88
72	8	8	17.74
15	17	3	14.49
150	10	8	47.36
222	19	3	61.62
247	9	7	35.39
238	15	7	52.77
74	12	1	46.12
81	8	6	67.59
246	19	2	39.01
209	6	2	60.64
242	20	9	38.94
225	22	7	25.48
20	18	9	33.92
126	17	1	12.87
105	12	5	6.82
217	20	5	61.61
103	12	4	28.97
225	10	5	62.20
49	3	10	37.94
1	7	10	37.30
145	23	5	39.68
191	20	4	5.89
190	14	6	66.01
53	22	10	36.33
197	21	8	44.49
57	15	4	39.13
138	5	5	52.37
60	7	9	23.45
91	11	2	37.12
12	5	10	39.24
64	5	6	39.16
157	9	6	15.46
78	12	8	32.35
196	5	2	73.11
197	18	8	51.94
235	3	3	45.02
54	20	8	48.41
201	18	1	25.12
82	11	5	17.63
100	13	6	23.49
177	19	7	48.66
58	8	8	35.69
58	1	10	11.18
163	1	3	8.96
205	9	5	42.76
212	14	1	76.29
104	1	2	39.26
49	10	8	42.68
119	1	3	21.43
80	17	9	30.65
4	21	7	60.39
234	17	4	51.23
79	23	1	58.89
164	10	1	75.81
14	7	6	9.56
168	21	4	41.31
219	19	10	51.29
122	13	1	22.43
55	8	2	55.06
158	22	5	38.06
152	15	6	34.42
34	5	3	74.47
155	2	8	38.69
220	2	2	33.95
\.


--
-- Data for Name: has_keyword; Type: TABLE DATA; Schema: public; Owner: root
--

COPY public.has_keyword (item_id, keyword_id) FROM stdin;
2	28
18	13
12	29
22	34
12	30
18	9
13	7
22	26
15	15
16	26
10	6
6	9
9	34
9	35
14	20
8	28
1	2
5	3
21	33
1	4
22	31
1	9
19	7
13	12
1	6
6	8
1	17
3	19
3	31
12	34
1	32
5	5
3	20
18	3
21	3
20	15
12	22
11	5
10	28
9	25
6	12
13	4
21	35
7	23
1	18
5	25
23	3
16	23
22	29
7	16
16	31
13	27
13	22
8	15
2	11
13	14
11	1
19	10
18	27
12	25
16	21
18	23
5	35
1	26
16	6
5	21
9	15
7	31
17	7
9	3
6	29
4	35
15	32
16	3
1	33
22	32
14	22
2	29
22	10
12	16
17	1
19	30
20	8
20	14
6	20
17	31
16	11
21	5
23	5
13	2
18	35
17	19
14	21
19	15
2	35
17	16
11	23
14	5
4	34
3	6
9	24
21	31
18	21
14	7
3	25
12	32
6	11
7	4
21	24
4	1
23	17
3	23
12	23
9	21
10	25
12	20
16	18
21	10
7	11
12	8
8	4
18	25
5	28
12	2
3	9
8	18
14	9
7	28
18	24
13	35
15	27
1	20
9	30
14	34
6	27
4	33
2	9
8	29
14	16
20	32
4	19
5	23
8	1
15	13
15	18
13	10
4	12
4	25
3	33
2	1
21	2
9	22
16	29
23	19
6	25
13	32
17	2
8	8
10	30
11	12
17	28
10	13
7	22
23	10
22	20
4	10
6	24
19	28
14	29
19	14
21	27
1	27
14	10
6	16
5	4
12	3
5	32
2	22
14	25
17	20
18	2
16	7
8	27
7	9
23	11
19	5
9	29
22	4
6	13
2	31
7	26
11	28
11	2
2	3
16	32
13	34
5	10
5	14
7	29
15	34
20	19
19	23
16	10
18	30
11	26
10	27
12	24
\.


--
-- Data for Name: has_permission_to; Type: TABLE DATA; Schema: public; Owner: root
--

COPY public.has_permission_to (role_id, permission_id) FROM stdin;
2	1
3	5
1	1
1	4
4	4
1	5
5	1
2	3
5	2
2	2
2	4
5	5
4	5
5	3
3	3
1	3
3	1
3	2
2	5
4	2
4	1
3	4
4	3
5	4
1	2
\.


--
-- Data for Name: has_product_in_stock; Type: TABLE DATA; Schema: public; Owner: root
--

COPY public.has_product_in_stock (pizzeria_id, product_id, quantity) FROM stdin;
3	20	29
1	1	47
2	12	80
3	32	91
1	28	98
5	30	98
2	16	21
5	7	20
1	2	28
3	1	51
1	11	71
3	14	69
5	35	69
4	25	14
4	2	90
2	19	18
1	26	26
4	13	57
2	9	22
2	32	2
4	17	58
1	5	44
5	12	75
1	13	1
3	35	31
5	16	7
3	17	88
4	5	75
2	2	60
3	2	33
4	16	9
1	4	68
3	18	21
2	17	93
1	21	27
5	25	65
2	13	19
5	11	77
1	27	29
1	19	52
5	27	49
1	8	10
4	14	2
4	24	99
4	23	9
5	14	34
3	7	100
3	6	48
1	15	30
4	27	50
1	35	50
4	28	49
2	22	75
4	29	18
1	6	96
3	29	52
3	4	19
1	31	34
4	12	73
2	7	59
1	24	86
5	32	32
2	24	6
3	31	79
4	30	75
5	9	74
5	20	1
1	14	8
3	11	44
5	26	32
4	10	5
4	18	80
4	11	92
3	13	38
5	28	64
2	23	26
3	5	39
3	26	40
5	17	62
4	1	36
2	8	60
2	18	88
2	4	24
3	8	20
4	9	96
3	22	16
5	24	62
3	25	19
3	24	50
5	8	61
3	15	12
4	3	40
1	16	22
3	9	84
2	1	78
2	10	92
4	32	38
5	15	48
5	21	37
1	10	30
2	27	83
2	21	43
4	22	13
1	34	59
5	19	26
1	25	79
5	31	75
2	31	4
2	20	13
5	29	36
3	33	78
3	12	33
5	4	31
1	3	98
5	3	60
3	30	43
4	20	64
4	15	12
5	2	43
4	33	89
4	4	63
3	19	89
4	26	3
4	8	12
1	12	59
2	11	5
2	14	89
5	5	46
5	13	45
\.


--
-- Data for Name: keyword; Type: TABLE DATA; Schema: public; Owner: root
--

COPY public.keyword (id, name) FROM stdin;
1	pizza
2	pâtes
3	végétarien
4	poisson
5	viande
6	champignon
7	spaghetti
8	macaroni
9	tagliatelle
10	fromage
11	chèvre
12	artichaut
13	parmesan
14	gruyère
15	tomate
16	poivron
17	thon
18	saumon
19	carbonara
20	moule
21	palourde
22	crevette
23	langoustine
24	écrevisse
25	porc
26	boeuf
27	poulet
28	volaille
29	oignon
30	ail
31	napolitain
32	truffe
33	veau
34	pesto
35	riz
\.


--
-- Data for Name: member; Type: TABLE DATA; Schema: public; Owner: root
--

COPY public.member (id, name, firstname, works_at_pizzeria_id, user_account_id, address_id, role_id) FROM stdin;
60	Picard	Maryse	2	15	60	4
61	Petitjean	Antoine	\N	8	154	\N
95	Lebon	Alfred	\N	10	93	\N
90	Boutin	Antoinette	\N	12	5	\N
122	Colin	Franck	2	23	234	5
37	Boyer	Valentine	\N	21	43	\N
105	Lebreton	Gabrielle	\N	22	193	\N
6	Chevalier	Arnaude	1	28	101	5
141	Georges	Grégoire	1	30	4	2
4	Bourdon	Maggie	\N	29	150	\N
59	Collet	Cécile	2	35	82	3
51	Riviere	Camille	\N	34	16	\N
85	Lombard	Philippe	2	39	177	2
33	Ferrand	Clémence	\N	36	114	\N
132	Chretien	Théodore	1	47	83	3
103	Dumont	Martin	\N	38	138	\N
64	Voisin	Robert	2	49	176	5
42	Georges	Isabelle	\N	43	233	\N
3	Traore	Rémy	\N	44	51	\N
115	Dumont	Gilles	1	50	224	3
67	Brunet	Marthe	1	64	53	5
18	Dufour	René	1	66	133	2
75	Turpin	Laure	\N	52	214	\N
106	Leblanc	Sylvie	\N	53	73	\N
32	Carre	Caroline	\N	56	75	\N
82	Imbert	Bertrand	\N	57	167	\N
89	Maillard	Clémence	\N	58	44	\N
74	Faivre	Adrien	\N	59	67	\N
13	Guyot	David	\N	60	47	\N
136	Besson	Inès	\N	63	222	\N
63	Etienne	Aimé	1	67	88	3
87	Loiseau	Adrien	2	68	231	5
127	Chretien	Gilbert	2	70	220	5
8	Launay	Étienne	1	74	112	4
93	Martin	Denise	\N	69	122	\N
29	Remy	Michelle	2	79	126	5
117	Aubert	Astrid	\N	73	201	\N
70	Mace	Élisabeth	1	82	171	4
80	Renard	Michelle	1	84	50	4
73	Leclerc	Margaux	1	86	235	3
139	Munoz	Catherine	\N	80	36	\N
66	Voisin	Yves	\N	81	208	\N
119	Leveque	Alice	1	95	123	3
76	David	Alice	2	97	237	3
24	Jacquet	Gilles	2	105	7	4
48	Bruneau	Thierry	\N	87	6	\N
81	Da Silva	Édouard	\N	91	84	\N
10	Moulin	Sophie	\N	92	200	\N
57	Coulon	Émile	1	116	86	4
129	Guyon	Vincent	2	121	166	5
5	Maury	Charles	\N	98	107	\N
46	Levy	Jacques	\N	104	180	\N
94	Maillard	André	2	126	132	2
21	Torres	Isabelle	\N	106	129	\N
99	Loiseau	Agnès	\N	109	159	\N
143	Lefevre	Jean	\N	111	106	\N
72	Guillon	Georges	1	129	161	1
7	Vidal	Marthe	1	130	227	1
30	Lemoine	Eugène	\N	119	130	\N
118	Lombard	Sébastien	1	142	136	5
104	Prevost	Thibaut	\N	122	175	\N
49	Leger	Danielle	\N	124	103	\N
34	Leveque	Simone	2	143	197	2
2	Huet	Véronique	\N	127	162	\N
102	Moreno	Margaud	2	144	218	4
22	Gosselin	Julien	2	146	95	2
40	Alves	Mathilde	\N	131	188	\N
111	Royer	Jean	\N	134	41	\N
62	Clerc	Célina	\N	138	37	\N
96	Toussaint	Manon	1	152	207	3
133	Loiseau	Patrick	2	159	209	1
100	Girard	Benjamin	2	166	111	5
17	Giraud	Benoît	\N	145	169	\N
145	Gilbert	Joseph	2	169	244	2
1	Lopez	Lucas	\N	147	110	\N
9	Gimenez	Julie	\N	151	203	\N
131	Andre	Gilles	1	184	196	1
134	Nguyen	Constance	\N	156	12	\N
142	Mercier	Chantal	\N	157	195	\N
77	David	Marcel	2	202	160	2
125	Jacquot	Christiane	1	207	191	4
71	Goncalves	David	\N	160	198	\N
65	Lagarde	Gilbert	\N	163	40	\N
27	Reynaud	Josette	\N	165	46	\N
91	Maillot	Noël	2	210	33	1
120	Barre	Michel	1	211	226	3
88	Besson	Léon	\N	172	225	\N
109	Gonzalez	Zacharie	\N	173	230	\N
113	Pires	Noël	\N	174	238	\N
126	Blanc	Zoé	\N	181	99	\N
50	Letellier	Anne	2	222	14	5
107	Chretien	Geneviève	\N	188	135	\N
41	Ruiz	Joseph	\N	192	165	\N
52	Daniel	Cécile	\N	193	181	\N
19	Fouquet	Cécile	\N	196	66	\N
86	Guyot	Charles	\N	198	178	\N
15	Pereira	Mathilde	\N	199	2	\N
84	Moreno	Zoé	\N	200	139	\N
78	Auger	Thierry	1	240	26	5
98	Leroy	Josette	\N	204	221	\N
16	Blondel	Margaux	\N	205	205	\N
23	Roy	Suzanne	\N	206	17	\N
110	Joubert	Danielle	1	249	69	5
12	Gallet	Anastasie	\N	214	55	\N
55	Clerc	Charlotte	\N	215	45	\N
124	Samson	Denis	\N	216	32	\N
11	Joubert	Adrienne	\N	219	240	\N
116	Costa	Olivie	\N	223	156	\N
54	Collin	Anaïs	\N	226	219	\N
138	Barre	Henri	\N	227	232	\N
25	Giraud	Bernard	\N	228	142	\N
101	Leleu	Agnès	\N	229	192	\N
137	Thibault	Grégoire	\N	230	77	\N
45	Martinez	Julie	\N	233	179	\N
43	Deschamps	Paul	\N	234	141	\N
83	Lacroix	Hugues	\N	237	96	\N
36	Brunet	Christophe	\N	241	215	\N
68	Morin	Léon	\N	243	89	\N
112	Duhamel	Isabelle	\N	248	173	\N
35	Lagarde	Sylvie	2	6	24	1
150	Guillaume	Anastasie	2	2	72	1
108	Merle	Isabelle	2	5	137	5
184	Lecoq	Rémy	\N	3	118	\N
226	Vallet	Alice	\N	4	42	\N
212	Pineau	daisy	\N	7	223	\N
231	Lebon	Paul	1	17	38	1
135	Barre	André	2	18	124	4
172	Rousseau	Martin	\N	13	152	\N
205	Bouchet	Caroline	\N	14	48	\N
243	Alexandre	Thierry	\N	16	115	\N
189	Lemaitre	Benoît	2	19	35	1
163	Guyot	Grégoire	1	20	109	3
155	Leclerc	daisy	1	24	98	1
227	Rodriguez	Grégoire	1	32	187	3
229	Fouquet	Pauline	\N	25	184	\N
148	Louis	Capucine	\N	26	62	\N
241	Ribeiro	Claudine	\N	27	183	\N
185	Denis	Michel	\N	31	147	\N
201	Benoit	Rémy	2	40	143	4
39	Le Gall	Aurélie	\N	33	149	\N
174	Blanchard	Pierre	2	42	250	2
159	Coste	Vincent	\N	41	10	\N
195	Chretien	Émilie	2	45	34	2
236	Couturier	Roger	2	55	217	5
130	Benoit	Lucas	\N	46	119	\N
228	Blot	Capucine	\N	48	117	\N
171	Gaillard	Madeleine	\N	51	170	\N
114	Olivier	Manon	\N	54	206	\N
194	Leroux	Margot	1	61	76	1
53	Muller	Thomas	2	62	52	3
56	Diallo	Élisabeth	1	72	151	1
154	Guillaume	Véronique	\N	71	248	\N
180	Hebert	André	1	77	22	4
211	Riou	Emmanuel	\N	76	247	\N
200	Coste	Léon	2	88	87	4
164	Fouquet	Geneviève	\N	83	63	\N
237	Leroy	Pauline	\N	85	90	\N
191	Munoz	Joseph	2	94	79	2
160	Hernandez	David	\N	89	120	\N
28	Ribeiro	Jeanne	\N	90	185	\N
156	Labbe	Dominique	\N	93	1	\N
222	Lebreton	David	2	96	194	3
199	Bernier	Édith	1	99	80	1
20	Blot	Anouk	2	100	64	2
173	Salmon	Roland	2	103	164	2
151	Rey	Margot	\N	102	54	\N
149	Baudry	Roger	1	117	158	5
235	Auger	Jean	\N	107	28	\N
233	Philippe	Jules	\N	108	245	\N
204	Normand	Jeanne	\N	110	131	\N
214	Chevallier	Henriette	\N	112	15	\N
146	Delorme	Éléonore	\N	113	174	\N
144	Francois	Léon	\N	114	213	\N
187	Bonneau	Michèle	\N	115	239	\N
44	Ferrand	Guillaume	1	136	13	3
218	Guibert	Georges	\N	120	246	\N
38	Loiseau	Roger	\N	123	29	\N
208	Breton	Noël	\N	125	163	\N
239	Rodrigues	Hortense	\N	128	59	\N
221	Lombard	Yves	\N	132	249	\N
193	Hoarau	Colette	\N	133	172	\N
186	Gerard	Christelle	1	139	243	4
213	Girard	Anaïs	\N	137	145	\N
210	Lagarde	Agathe	2	140	204	3
190	Coste	Hélène	1	141	74	5
157	Leblanc	Noël	2	148	23	2
245	Levy	daisy	2	153	100	3
128	Le Goff	Martine	\N	149	70	\N
183	Paul	Denis	\N	150	190	\N
188	Boulay	Thomas	2	155	9	3
197	Becker	Frédéric	\N	154	157	\N
242	Chretien	Philippe	2	162	8	4
92	Monnier	Valérie	\N	161	211	\N
246	Germain	Marguerite	1	164	94	3
161	Delaunay	Vincent	1	167	20	1
250	Maillard	Margaret	1	175	199	1
207	Delaunay	Sylvie	\N	168	49	\N
169	Cordier	Constance	\N	170	105	\N
168	Deschamps	Benjamin	\N	171	102	\N
215	Raynaud	Brigitte	2	179	11	4
198	Ribeiro	Jean	\N	176	210	\N
230	Benard	Amélie	\N	177	57	\N
176	Fernandes	Clémence	\N	178	182	\N
14	Breton	Frédérique	2	180	39	3
166	Giraud	Denis	2	187	56	1
203	Techer	Victoire	\N	183	146	\N
182	Rousseau	Xavier	\N	185	30	\N
147	Launay	Aurélie	\N	186	68	\N
232	Roux	Laurent	2	189	121	1
219	Chauveau	Zacharie	2	190	81	3
165	Rousset	Michel	1	194	21	4
179	Texier	Gabriel	\N	191	116	\N
247	Brun	Luc	1	195	3	5
223	Labbe	Alix	2	203	128	4
152	Payet	Charlotte	\N	197	241	\N
123	Guibert	Patrick	\N	201	186	\N
26	Meunier	Paulette	1	209	125	1
196	Peltier	François	\N	208	65	\N
202	Renard	Susan	\N	212	140	\N
238	Bouvet	Joseph	\N	213	58	\N
240	Wagner	Noémi	2	225	104	4
217	De Sousa	Édouard	\N	221	229	\N
216	Prevost	Paulette	\N	224	228	\N
224	Barbier	François	1	235	155	3
162	Marion	Corinne	\N	231	97	\N
140	Renaud	Xavier	\N	232	25	\N
248	Nicolas	Louise	2	239	108	4
153	Meyer	Bernadette	\N	236	92	\N
181	Maury	Philippine	\N	238	19	\N
79	Gallet	Margaux	2	244	113	5
244	Becker	Aimé	\N	242	242	\N
192	Perrot	Bernard	2	250	216	2
206	Thomas	Lorraine	\N	246	212	\N
175	Gonzalez	Philippine	\N	247	236	\N
58	Guillot	Anne	2	37	18	1
234	Morvan	Anne	1	9	134	2
220	Fouquet	Emmanuelle	1	75	148	4
225	Wagner	Lucie	1	101	144	1
178	Morin	Antoinette	2	182	31	5
158	Loiseau	Aimée	2	217	27	4
177	Guyot	Luc	1	245	78	3
69	Joubert	Chantal	1	78	153	3
121	Martin	Alexandrie	2	118	189	5
97	Daniel	Anaïs	1	158	91	3
47	Da Costa	Catherine	2	218	202	4
170	Leclercq	Honoré	2	1	71	2
167	Seguin	Étienne	1	11	61	3
249	Fernandes	Benoît	1	65	127	1
209	Dubois	Théophile	2	135	168	3
31	Vincent	Juliette	1	220	85	3
\.


--
-- Data for Name: order_status; Type: TABLE DATA; Schema: public; Owner: root
--

COPY public.order_status (id, label) FROM stdin;
1	Panier
2	En cours
3	En attente
4	Terminée
\.


--
-- Data for Name: permission; Type: TABLE DATA; Schema: public; Owner: root
--

COPY public.permission (id, label) FROM stdin;
1	Modifier compte
2	Créer compte
3	Créer commande
4	Consulter commande tierse
5	Modifier compte tiers
\.


--
-- Data for Name: pizzeria; Type: TABLE DATA; Schema: public; Owner: root
--

COPY public.pizzeria (id, name, phone_nb, address_id) FROM stdin;
1	OC Pizza #1	0814522012	1
2	OC Pizza bis	0327239610	2
3	The Best of OC Pizza	0203786710	3
4	OC Pizza Original	0689260661	4
5	OC Pizza's	0101766420	5
\.


--
-- Data for Name: product; Type: TABLE DATA; Schema: public; Owner: root
--

COPY public.product (id, name, barcode, gram_weight, unit_price_ati) FROM stdin;
1	farine de blé	3028404031090	8480	38.65
2	tomate pelée	2488545634320	9525	49.37
3	pulpe de tomate	6205610802561	8405	32.63
4	mozzarella	0400050826054	790	21.53
5	ananas	1627327931474	3355	33.20
6	parmesan	7109667158475	4315	45.95
7	viande hachée de boeuf	9193703212212	7290	96.47
8	saumon	6105850885389	7665	92.95
9	fromage de chèvre	0083229487371	4075	0.67
10	artichaut	3765830540146	1500	23.21
11	poivron	5543452901556	2525	32.38
12	thon	6605578138052	4185	10.60
13	oignon	9768134285564	7765	4.86
14	ail	7925125215999	5875	2.60
15	pâte	0891766524189	2625	58.30
16	oeuf	9773191110568	1800	5.25
17	mélange fruits de mer	4180539414458	6890	36.75
18	jambon	7793227210255	2745	63.45
19	jambon sec	6751410950068	5490	28.97
20	chorizo	7630689331572	1185	63.23
21	truffe	8411137931945	4610	33.90
22	petit pois	6667796165982	9740	9.70
23	viande de boeuf	7950210046257	5725	66.23
24	moule	4280437212726	5815	64.64
25	palourde	7056079836890	2935	42.52
26	coque	9240555446132	690	37.99
27	farine d'épeautre	1964583420992	7735	65.42
28	langoustine	4317746233347	6350	34.12
29	écrevisse	7048696150992	665	56.19
30	crevette rose	6107608474340	700	2.34
31	crevette grise	3747887502841	3855	46.24
32	olive	2565950343679	2230	55.39
33	roquette	7251847129635	2660	10.70
34	basilic	2580872824334	8855	3.58
35	champignon	9738394513226	6310	65.83
\.


--
-- Data for Name: recipe; Type: TABLE DATA; Schema: public; Owner: root
--

COPY public.recipe (id, name, is_public, description) FROM stdin;
1	Spaghetti bolognaise	t	{"Quelque nu désir nombreux larme pied. Presque froid tromper réunir tôt. Eau décider en famille décrire.","Somme où dehors animal. Fonction papa marquer considérer seigneur noir naturellement peur. Doigt fonder un répéter minute contenter.","Consentir abandonner moment peu aucun jouer. Liberté revenir quinze commun coup précieux franchir."}
2	Pizza regina	t	{"Réserver nouveau type papa muet police. Même respect colère d'abord soutenir rejeter. An demeurer fermer notre. Salle moi valeur plus précis.","Répondre expression caractère fond entendre après. Public très rayon chasser.","Lettre maintenir échapper quartier recommencer notre. Tout précéder robe. Perdre toujours geste construire menacer autre père."}
3	Pizza calzone	f	{"Vivant muet fixer personne haute. Étendre amener mener mal condamner voici.","Cent religion asseoir heureux tenter protéger peser. Craindre centre juste parcourir type départ neuf. Usage peuple comprendre agiter ci.","Étendue autre empêcher problème sac mariage dès enfoncer. Creuser davantage surtout connaissance."}
4	Pizza quatre saisons	t	{"Compter maintenir préparer existence. Après droite amener devenir.","Apprendre horizon courant appartement goutte. Livre joue salle compagnon important.","Menacer poésie naturel. Chez espace année chien."}
5	Pizza de la mer	t	{"Ensemble autorité jeter professeur. Police le impossible âge confiance clair.","Mémoire deviner ouvert fier inviter. Étendre souffrir geste moyen. Déjà honte projet montrer lutte armée.","Haut trente trait contenter attacher former personnage profondément. Lequel défaut donner cependant même."}
6	Ravioles au crabe	t	{"Paix ici figure politique main printemps accomplir. Ici exister devoir.","Remettre rien armer abri indiquer ailleurs mieux. Attitude français agir mettre importance goutte seigneur. Vieux poursuivre barbe.","Colère mille police lier si morceau accorder. Bande valoir glisser fidèle d'abord. Note prier brusquement peu lutte sept."}
7	Tagliatelle au saumon	f	{"Barbe voyage tandis que mot revoir. Nuage satisfaire donner force impossible oncle heureux.","Ennemi moindre respecter souvenir paysan debout facile. Hauteur rôle terrain ensemble. Aucun montagne discussion sembler lendemain armée.","Mériter prendre parvenir politique éclat. Hiver lettre ruine taille. Événement folie inviter mari chaud changer époque. Victime pendre qualité mouvement bord presser."}
8	Pizza Margarita	f	{"Cerveau bruit cesser chance état emporter croix très. Frère discours yeux souffrir boire oeuvre.","Profiter déjà parvenir souffrir lui vert un. Cesser immense décider soutenir garçon surtout.","Trop sourire seuil dos. Fleur supposer poste couler sans. Mal jusque pain brûler énergie menacer."}
9	Pizza hawaïenne	f	{"Fort gens barbe nuage. Empêcher former ramener établir mieux mariage cerveau fumée. Comprendre doucement terme cinq chaleur froid second.","Petit parler lèvre. Comme planche mal aventure veille doucement somme. Choisir inventer signe ah auteur.","Empêcher ami quatre attitude. Garçon premier courage accomplir souvenir qui personne. Distinguer menacer souffler véritable étonner."}
10	Pâtes à la carbonara	t	{"Respirer expliquer corde dimanche vous mon souffler. Fusil verre défendre branche éprouver.","Bête classe pendre combien. Tourner juge attacher bande.","Tête ordre vague maladie marchand nombre. Annoncer pur tête traverser détail. Neuf tourner inquiéter prier distance genre."}
11	Risotto à la truffe	f	{"Marquer poche te. Discours rond silencieux traiter oui riche étoile.","Coucher comme malade général. Beaucoup riche voix partie. Avancer verre heure hésiter devoir cri.","Voyager portier angoisse autrefois vague."}
12	Minestrone	t	{"Sable certain lit courant complet mesure centre. Politique politique arme. Travail lumière abattre partager paquet interroger.","Lutte titre exprimer en fumer envie trembler énorme. Foule justice donc nation souffrir million.","Compte toile de. Dépasser six départ visite. Déjà lendemain hors."}
13	Linguine aux fruits de mer	t	{"Prêt voilà vouloir autre. Bataille lutte dominer colère voyage. Quand encore gauche intention doucement prix moindre. Eau frère regarder.","Indiquer révéler folie famille énorme. Roche vouloir rue creuser leur.","Installer ferme digne circonstance article. Politique résoudre action circonstance vouloir changer trouver."}
14	Pâtes au pesto	t	{"Léger troubler recueillir etc. Regarder désormais inquiétude âge.","Permettre glisser fier musique. Moindre poste vague taille. Ton haut vieillard droite. Passé rapporter cerveau problème.","Cent convenir secours oiseau plante nécessaire. Installer mouvement taire."}
15	Lasagne	t	{"Voyage tard plein garder prêter plonger nu. Théâtre réclamer cour titre exister. Beau sérieux plonger ferme certes clair.","Famille gris espérer.","Fortune printemps respecter. Plutôt carte doucement oui avec rouler haïr. Monter feuille toucher achever soumettre dessiner franchir."}
16	Lasagne végétarienne	f	{"Roi garder position. Briser apporter police alors demeurer.","Caresser français regard. Terreur appel françois entretenir page. Répéter voici peuple docteur défendre envoyer. Père barbe nombre accent attacher couler.","Travailler prononcer présence rouler. Bas camarade tirer. Direction dessiner gauche présent."}
17	Raviolis quatre fromages	f	{"Durant oreille loin sueur répondre entrer solitude. Terme même tu chien expérience conduire par.","L'Un avis changement cabinet magnifique. Visible très parti naturel. Marcher couvrir étroit prix bataille double jusque.","Fait servir tu haut soin sou. Blanc perte chacun sac connaissance dégager âme parvenir. Problème désirer sou deux accompagner."}
18	Escalope à la milanaise	t	{"Rire voilà police. Tenir police science chanter.","Notre rompre remonter tomber songer plonger vision regard. Marier arrivée tuer cheval visite. Déchirer résistance été afin de front mine.","Seigneur surveiller direction sentier. Droit travers profiter étroit gagner."}
19	Carpaccio de boeuf	f	{"Large souffrir paix adresser présent poitrine tirer. Trembler gouvernement cent mur rompre secrétaire appuyer milieu.","Air toit occuper article espérer conclure idée.","Le passion découvrir tapis coûter obliger. Promener inquiéter exemple habitant juger content."}
20	Scalopine	t	{"Ancien mauvais debout espace hauteur paquet. Tendre chance inviter sauter passion d'abord.","Note vie bas. Hier charge brûler. Pierre ancien quelque ni.","Vrai ainsi creuser. Devoir service dernier. Condition air bande plonger cour principe."}
21	Pizza chèvre miel	t	{"Papa atteindre plutôt descendre veiller le véritable. Protéger train diriger tu.","Ci pauvre heure rejoindre temps vie pas. Mourir officier titre double passé manier libre.","Céder endormir ville dessiner rôle curiosité. Étrange complet île appartement saison trop. Beaux second inutile paquet votre violent cabinet."}
22	Pizza végétarienne	t	{"Ciel recevoir prêter. Rappeler gens famille compte somme son. Propre sac drame.","Même centre amuser mot ce lever demander. Fil type conseil non oreille chaleur couler.","Manger contre un demander mauvais toile dessiner expliquer. Amener véritable bien traiter passer préférer tendre. Portier défendre ici avance précis."}
23	Pizza napolitaine	t	{"Seuil vie fauteuil bruit muet. Possible rassurer savoir entrer vous droite. Cause amuser chaque satisfaire mentir dans. Claire accent parfaitement est partie accomplir.","Monsieur bleu précieux agir non armée fusil. Âgé de traverser facile endormir importance rare dimanche.","Voix juge trois détacher coûter enfin eh vivant. Rêver projet commencer dormir."}
\.


--
-- Data for Name: requires_product; Type: TABLE DATA; Schema: public; Owner: root
--

COPY public.requires_product (recipe_id, product_id, gram_amount) FROM stdin;
6	26	815
2	19	354
8	11	643
2	8	168
17	5	315
23	29	274
2	14	928
12	11	537
6	25	363
20	12	955
10	21	246
3	30	368
4	13	169
12	22	445
20	21	495
13	7	76
16	16	804
1	11	439
21	5	766
17	4	219
13	28	947
10	20	116
3	7	53
12	9	179
18	12	294
23	2	723
4	15	949
1	28	956
22	15	959
2	15	374
22	7	794
12	29	2
14	32	11
22	17	146
14	6	848
9	25	860
13	1	915
15	20	44
6	7	264
18	15	420
22	27	50
13	4	1000
8	21	334
13	23	325
8	1	618
18	22	290
10	7	188
3	3	323
5	2	399
6	23	542
8	14	44
4	9	540
21	34	577
19	4	678
4	28	201
21	4	673
14	22	304
15	18	997
10	8	5
15	7	674
22	6	763
1	4	323
15	12	400
20	19	357
5	33	477
17	25	679
10	2	359
14	23	982
5	23	569
16	29	259
2	6	739
14	27	239
5	17	166
10	29	649
7	15	8
4	20	389
1	18	843
6	15	428
19	8	711
12	28	920
11	10	134
22	30	168
21	3	364
20	28	623
3	11	937
14	28	869
12	6	215
8	6	622
2	16	588
2	4	854
16	11	575
16	31	315
20	17	175
3	34	578
5	34	97
16	9	609
17	16	402
21	8	196
10	35	940
16	13	174
9	32	327
11	13	476
3	6	322
15	5	167
20	27	352
7	25	902
15	13	763
11	5	628
1	29	257
13	10	744
5	16	696
7	20	199
20	2	969
23	24	534
14	33	810
19	15	603
5	11	361
15	32	505
15	26	921
19	24	983
2	23	234
23	19	464
21	17	398
3	1	828
3	10	619
18	18	451
13	3	655
2	32	540
13	16	635
16	21	23
21	15	878
23	8	354
7	23	651
16	5	548
23	25	225
23	26	71
15	34	596
7	22	422
11	4	180
22	18	314
9	31	170
6	5	462
16	14	557
6	8	15
22	3	202
18	28	646
18	32	62
23	28	455
7	1	100
5	15	868
4	31	485
13	31	655
22	12	39
12	19	171
13	18	406
15	2	160
3	24	689
12	31	352
10	14	911
7	35	896
15	19	460
3	4	128
3	35	85
13	19	903
7	30	486
9	29	487
3	28	537
14	9	667
4	16	92
6	35	837
16	18	412
15	22	648
23	10	970
5	29	405
20	3	372
17	29	49
18	6	106
13	30	2
18	8	595
7	4	367
9	30	36
11	33	787
17	21	598
1	3	189
10	13	940
14	4	819
6	17	828
10	5	99
22	10	917
20	24	692
8	27	204
17	14	853
6	1	68
7	33	119
1	34	902
20	25	503
20	18	239
4	18	303
13	8	752
22	19	107
8	28	76
9	17	93
1	6	480
6	21	62
11	7	669
11	2	810
6	16	178
1	19	96
11	16	617
10	33	277
5	12	514
13	17	266
3	15	292
18	26	102
13	33	364
6	33	426
12	21	70
8	5	382
11	14	292
10	22	723
19	1	620
\.


--
-- Data for Name: role; Type: TABLE DATA; Schema: public; Owner: root
--

COPY public.role (id, name) FROM stdin;
1	Client
2	Gestionnaire
3	Pizzaïolo
4	Livreur
5	Opérateur de commande
\.


--
-- Data for Name: taken_order; Type: TABLE DATA; Schema: public; Owner: root
--

COPY public.taken_order (id, member_id, address_id, pizzeria_id, bill_id, status_id, is_paid) FROM stdin;
1	27	24	4	\N	3	t
2	222	115	3	\N	2	f
3	149	180	2	\N	1	f
4	167	75	5	\N	3	f
5	222	131	2	\N	4	f
6	223	114	1	\N	1	t
7	129	93	3	\N	3	t
8	175	215	1	\N	2	t
9	106	238	2	\N	1	t
10	9	147	2	\N	3	t
11	141	199	5	\N	1	t
12	132	145	2	\N	1	t
13	73	229	5	\N	1	f
14	5	180	4	\N	4	t
15	129	107	4	\N	2	f
16	31	207	4	\N	2	t
17	106	19	2	\N	2	f
18	91	215	3	\N	4	f
19	175	113	2	\N	1	t
20	86	175	5	\N	1	f
21	145	148	5	\N	1	t
22	24	226	1	\N	4	t
23	131	101	2	\N	2	f
24	245	100	3	\N	3	f
25	15	238	3	\N	4	f
26	196	85	4	\N	1	t
27	32	12	4	\N	3	t
28	2	96	1	\N	3	t
29	228	232	3	\N	4	f
30	221	57	4	\N	1	t
31	18	106	1	\N	3	t
32	242	121	4	\N	2	t
33	250	59	1	\N	1	f
34	25	160	5	\N	2	t
35	247	188	1	\N	1	f
36	85	31	2	\N	2	f
37	38	206	2	\N	4	t
38	163	38	3	\N	4	f
39	169	72	5	\N	2	t
40	46	17	3	\N	3	f
41	76	171	5	\N	1	f
42	154	161	5	\N	3	f
43	48	9	5	\N	2	f
44	63	176	4	\N	2	f
45	206	73	5	\N	1	f
46	198	241	1	\N	3	t
47	43	175	3	\N	1	f
48	229	132	1	\N	2	t
49	146	218	4	\N	4	f
50	144	215	5	\N	2	f
51	100	42	5	\N	2	t
52	6	151	5	\N	1	f
53	24	82	3	\N	2	t
54	215	28	1	\N	3	t
55	69	247	1	\N	3	t
56	93	108	3	\N	2	f
57	50	180	2	\N	3	t
58	221	242	3	\N	2	f
59	159	83	1	\N	2	f
60	144	81	1	\N	4	t
61	37	20	1	\N	2	f
62	3	70	2	\N	1	f
63	65	46	5	\N	1	f
64	117	186	2	\N	2	f
65	89	158	5	\N	1	f
66	135	138	5	\N	2	f
67	158	207	5	\N	1	f
68	221	166	2	\N	1	f
69	142	135	1	\N	1	f
70	163	154	2	\N	1	t
71	77	145	1	\N	1	t
72	180	12	1	\N	1	f
73	123	5	1	\N	1	f
74	221	153	2	\N	1	t
75	245	229	1	\N	4	f
76	52	93	2	\N	4	t
77	243	76	2	\N	2	f
78	175	105	1	\N	1	t
79	207	63	1	\N	2	t
80	248	206	5	\N	2	f
81	181	142	4	\N	3	t
82	17	155	2	\N	4	t
83	201	6	5	\N	1	f
84	117	11	1	\N	3	f
85	200	192	3	\N	4	t
86	230	128	3	\N	2	f
87	162	170	4	\N	2	t
88	48	106	5	\N	3	t
89	63	26	3	\N	1	f
90	192	241	4	\N	4	t
91	178	165	2	\N	2	t
92	198	88	1	\N	1	t
93	168	127	1	\N	4	t
94	130	233	3	\N	1	f
95	174	37	2	\N	4	t
96	141	68	1	\N	3	f
97	32	174	5	\N	2	f
98	183	19	4	\N	1	f
99	173	145	1	\N	3	f
100	192	10	1	\N	3	t
101	98	177	4	\N	2	t
102	28	222	4	\N	4	f
103	7	9	4	\N	4	t
104	131	88	5	\N	2	t
105	31	188	2	\N	4	f
106	178	185	2	\N	4	f
107	242	218	5	\N	4	f
108	95	92	1	\N	3	f
109	184	136	4	\N	4	t
110	233	123	2	\N	3	t
111	128	226	4	\N	3	t
112	192	203	5	\N	4	t
113	5	85	2	\N	3	f
114	236	164	4	\N	2	t
115	104	135	3	\N	3	f
116	228	68	4	\N	4	f
117	107	216	3	\N	3	f
118	61	74	1	\N	4	t
119	191	151	1	\N	4	f
120	79	63	3	\N	3	f
121	35	29	1	\N	2	t
122	124	209	2	\N	1	t
123	192	167	1	\N	3	t
124	209	51	2	\N	1	t
125	104	55	5	\N	2	f
126	161	121	2	\N	2	t
127	184	75	2	\N	4	t
128	182	110	1	\N	3	t
129	22	159	3	\N	3	t
130	136	127	1	\N	2	t
131	105	215	1	\N	1	t
132	193	11	1	\N	4	f
133	160	180	1	\N	3	f
134	132	243	5	\N	2	f
135	12	219	4	\N	2	f
136	99	38	5	\N	3	f
137	165	224	4	\N	3	f
138	90	82	1	\N	3	t
139	177	181	1	\N	2	t
140	91	244	3	\N	4	f
141	115	239	3	\N	1	f
142	19	188	4	\N	1	t
143	93	180	1	\N	1	f
144	26	54	3	\N	3	f
145	86	236	4	\N	4	t
146	98	129	1	\N	1	t
147	44	74	1	\N	1	f
148	176	12	2	\N	2	f
149	230	97	5	\N	1	t
150	184	11	5	\N	1	t
151	64	81	1	\N	1	t
152	105	47	3	\N	1	f
153	81	231	4	\N	1	t
154	165	177	4	\N	2	f
155	171	28	3	\N	2	t
156	180	172	2	\N	3	t
157	146	135	1	\N	3	f
158	52	154	4	\N	3	t
159	104	168	5	\N	2	f
160	143	4	1	\N	3	f
161	1	148	4	\N	1	f
162	181	182	2	\N	2	f
163	146	137	3	\N	4	f
164	149	105	5	\N	2	t
165	157	93	5	\N	3	f
166	10	165	4	\N	1	t
167	57	243	4	\N	4	t
168	90	54	5	\N	4	f
169	61	16	2	\N	4	f
170	64	67	1	\N	4	f
171	156	179	4	\N	3	t
172	203	37	3	\N	1	f
173	193	236	1	\N	4	f
174	147	56	1	\N	4	f
175	200	130	5	\N	4	t
176	88	9	1	\N	4	f
177	156	108	4	\N	2	f
178	103	231	3	\N	4	t
179	213	239	2	\N	1	f
180	212	30	3	\N	3	t
181	59	104	1	\N	1	t
182	159	65	5	\N	3	t
183	108	207	4	\N	1	f
184	223	108	1	\N	1	f
185	155	208	4	\N	1	f
186	84	18	5	\N	4	f
187	237	20	2	\N	2	f
188	144	1	4	\N	1	f
189	128	82	3	\N	3	f
190	140	231	5	\N	3	t
191	125	155	1	\N	3	f
192	140	230	2	\N	1	f
193	231	46	3	\N	4	f
194	117	12	1	\N	3	t
195	181	233	4	\N	3	t
196	36	89	2	\N	4	t
197	32	47	4	\N	1	t
198	87	233	5	\N	4	t
199	24	215	4	\N	2	t
200	213	87	3	\N	4	t
201	98	61	2	\N	1	t
202	38	158	2	\N	3	f
203	176	163	2	\N	4	t
204	213	163	5	\N	1	t
205	59	3	2	\N	3	t
206	249	167	4	\N	3	f
207	181	178	4	\N	3	t
208	222	230	5	\N	3	t
209	119	161	3	\N	2	t
210	225	44	4	\N	2	t
211	85	158	3	\N	1	t
212	173	48	5	\N	3	t
213	162	22	3	\N	2	t
214	2	127	4	\N	1	f
215	88	151	4	\N	4	f
216	166	243	5	\N	3	t
217	156	139	2	\N	1	f
218	124	190	1	\N	3	t
219	224	118	2	\N	2	t
220	82	233	2	\N	3	f
221	101	197	3	\N	2	t
222	132	243	5	\N	1	t
223	221	225	5	\N	3	t
224	250	97	1	\N	2	t
225	130	229	2	\N	2	t
226	139	58	3	\N	2	f
227	111	171	1	\N	2	t
228	205	224	2	\N	3	t
229	156	52	1	\N	3	f
230	121	224	3	\N	2	f
231	222	64	4	\N	1	t
232	169	194	5	\N	1	f
233	62	130	2	\N	4	f
234	105	142	3	\N	4	t
235	199	178	1	\N	3	f
236	105	245	4	\N	2	t
237	118	209	3	\N	1	t
238	174	234	1	\N	3	f
239	248	21	2	\N	4	t
240	22	194	4	\N	2	f
241	218	119	4	\N	2	f
242	135	43	3	\N	3	t
243	136	121	1	\N	3	t
244	107	199	5	\N	4	t
245	56	48	3	\N	1	t
246	48	47	5	\N	4	f
247	107	199	4	\N	3	f
248	45	21	2	\N	1	t
249	166	215	2	\N	2	f
250	233	205	5	\N	2	f
\.


--
-- Data for Name: user_account; Type: TABLE DATA; Schema: public; Owner: root
--

COPY public.user_account (id, member_id, email, phone_nb, hashed_pwd) FROM stdin;
1	170	valletgregoire@gros.fr	0210576095	$pbkdf2-sha256$29000$vbd2rrU2Zmzt3TunNKaUkg$YnMBkj0GsmxHtKjWIXRwKYmwqr4bajuEXdLbxpMwsnk
2	150	arnaudpatrick@lopez.com	0353173400	$pbkdf2-sha256$29000$CQEAgBBCKCUkhHDunZNyzg$UUltQEgG.Z52y6F9ozQjzNHVAbVmpI4Q9uKQLsu6WCQ
3	184	laurence84@gilbert.net	0667842498	$pbkdf2-sha256$29000$.V8r5fx/b03pnfP.H6OU8g$PK7LPWpnb/cA6JDCs4pqYr1iU7DasyLnvACO4a87gy8
4	226	rivierexavier@laposte.net	0143310075	$pbkdf2-sha256$29000$w9j7X4sxhpCyFkIoRUhp7Q$BAYOFhYJVynKl07Mf8k7w/M0V6CVufA7m18k2JuOB1E
5	108	louisejean@sfr.fr	0895045734	$pbkdf2-sha256$29000$dQ4BgFCqtfYeAyCEUCpFiA$ijNEx4v9szcu74dr74EVJcDnCUboUODYwEbw/6gMLJg
6	35	theodore57@voila.fr	0117302682	$pbkdf2-sha256$29000$1fr/HwOA8F4LAcBYSymFMA$DZcPrIePt2xmZDvKyI1FQX2trElO7q5FLew83OvV6mU
7	212	zachariemaillot@dbmail.com	0670506541	$pbkdf2-sha256$29000$gjAGACAEAKC09h4DgDDG.A$Vjw6Wp/YYxotltB7CqFa1womH89gaZGCjgFVg/Xg.KU
8	61	sophiepottier@thierry.com	0576739535	$pbkdf2-sha256$29000$5zynlLJW6r3XmjMGgBBCiA$G2SQP7JzaN7sSLcl6TuL3ttW.XbRBVjbtyzE0IglbP4
9	234	himbert@bruneau.com	0106889861	$pbkdf2-sha256$29000$DQGgtHZuDeEcI0SoFQKg9A$RiyHGy72OfGioYevpGeAx0UZKKF6Vq5WZQPYcHIhTCc
10	95	udelattre@gmail.com	0578877883	$pbkdf2-sha256$29000$GKPUOuc8h5BS6t07p7TWug$MV7hGN0HQnT7GbguFD9NJ8HJ3T7SDt0O5amaW9rJUMQ
11	167	jacquotvictoire@maillot.com	0673342253	$pbkdf2-sha256$29000$q3VubQ1BqFUqBYCwlpKS8g$mEdzmPpk/7A1XQapiH9y5z07wHelFLwzXo/HyjEOiZA
12	90	pottieraime@voila.fr	0168244414	$pbkdf2-sha256$29000$3rvX2nuv9b53DiFkTKk1pg$SdXjLTqISRtzDXfFClDbYaN.0GcFD.ifUyxDAFa9.wc
13	172	chauvinsophie@besnard.fr	0624795229	$pbkdf2-sha256$29000$A.Dc.x.DcI7RGmPMeW9NyQ$iqUrBqbaQyMNAIy.ksDNzfoBviHoa9GsCsSPfy.lq08
14	205	girardhugues@sfr.fr	0176080858	$pbkdf2-sha256$29000$RigFYIxxbu2ds5aS8v7fmw$QTXdbIP60yumG.uk2gAUkVjbyhbb8GbgT2X2xbsY8Hs
15	60	jourdanroger@club-internet.fr	0119661718	$pbkdf2-sha256$29000$9v4fw9h7rzXGeG9NKWWM8Q$qJxu2iktRxAXTnMH8n8Dt6NAgMeXgsE8wXEjICLpSGA
16	243	suzannele-goff@clerc.fr	0109164436	$pbkdf2-sha256$29000$Vopxbu0dg9AaQ0jpHUMIgQ$RPDGWxs1BBM2YzcN3LmUrhgK/UvrTIbUZWQL3bY3N2s
17	231	tclerc@dbmail.com	0840637438	$pbkdf2-sha256$29000$793bu5ey1jpHSCmFEOKcUw$WObrVCKng6fkaSMQ4lUz6jjUV1RFeBZ9MLc1vglTsaE
18	135	marie66@tiscali.fr	0857717233	$pbkdf2-sha256$29000$9R7DuHfOeU9JaS2FsJYyhg$DodMiGd9ryp.OA4u7DYDCjTUCjiMilY4oCteL2URBgM
19	189	aubertolivier@riou.org	0367426422	$pbkdf2-sha256$29000$TinlXKtVihECwPgfQ0gJgQ$gk4ATnMzoltn1TeAF3ovJgfeWHXSzerp5zFRZMJK2cM
20	163	wolivier@collin.com	0829105700	$pbkdf2-sha256$29000$kHKOUYrxPmcsxfgfQ4gRQg$BpcwmtlV5GyhAzPfnGVjqLxsIfNsbv3bN66NjP4Dr/8
21	37	tessiermaggie@da.fr	0172509971	$pbkdf2-sha256$29000$bq11rtWa835vTem9976XMg$wF8wyG/xuvtB2DR7yhDD2n1R8SCu8DqTVLSXYtvZ7VY
22	105	susanlemaitre@grondin.fr	0654953804	$pbkdf2-sha256$29000$k3LuPae09v7f.x8jhJBSKg$9kvDH9sFdufSZBiSMmGdXBrAIIMEosg20GGYpsa66ig
23	122	luc60@ifrance.com	0470951730	$pbkdf2-sha256$29000$/l/rvVcKIQSgVErJGaMUYg$icnV4O8NsIO84VZ.EObU/WoHA4uoFHxblHr.PE/B/h4
24	155	mbernier@normand.fr	0379723774	$pbkdf2-sha256$29000$8V6LMYYQYsw5ZwwBAKDU2g$oDTsZiLmYyGRFd5XC8RPnc3IqnSMrR0xysLQG1Y.7lY
25	229	dominique69@gmail.com	0142459082	$pbkdf2-sha256$29000$IQSgdO5dy1kLYWyNsRZCCA$M6gTTkSGNRe1p.6dInN/rjhsHs2IMVME3yaI0NC7eaE
26	148	kgomez@dbmail.com	0206939235	$pbkdf2-sha256$29000$ca4VgtAa41wrxXjPGeOccw$YF4xCIXXG21ktgfKljF5UczVO38UscA14YB3x5AYNrE
27	241	plegros@bouygtel.fr	0496709911	$pbkdf2-sha256$29000$LEVIqfX./x.jFIIwJiTk/A$p7T8zpfudEwo0GsBd1gQ2dOwmmugcNkKnb1fD0G7FOw
28	6	aurelie61@bertrand.fr	0582787451	$pbkdf2-sha256$29000$51wrJWRMqTVGKOVcK4UwJg$gnXuiMlvuWrK4CvsSiq77YwCJo0zW.AS.UctnLPT3F4
29	4	pottiermargot@chauvin.fr	0580089396	$pbkdf2-sha256$29000$odSak1LKmVPqXYux9t7bWw$ovkQagfEIq0equABsU48j/sD.pkmhKVz0TB.fqQ54dY
30	141	baillyanouk@robert.com	0386737669	$pbkdf2-sha256$29000$6T1nTKmVMmYsBSCkFEKIEQ$/pnUckdT7eGZ7FjQv3PxncW9Kdxh4USvXBC9dbGlL2I
31	185	levyzacharie@lecoq.fr	0251631330	$pbkdf2-sha256$29000$vzeGsDamlLLWundurTWGMA$Olw.x8KqEAEAhBrWWvHc9ScygC0eMrLlMvVbYZ7UEbI
32	227	qdevaux@live.com	0233819159	$pbkdf2-sha256$29000$gDAmJMTYu3dOyXnv/T8H4A$IkcJmOH1Isg862sTUQBl9PnbbRErsM0QlHWuepoTNok
33	39	agathe57@girard.fr	0502644112	$pbkdf2-sha256$29000$TKnVGoMQ4pyzFsIYg9D6Xw$5SpWgbBD3E1g/Hz9VUM2tlrrciaWfhO2uMm9JzQXw4U
34	51	cgauthier@weiss.net	0199562281	$pbkdf2-sha256$29000$OEeIUSolBIAQwrg35hwjZA$/z5K1gMfDyAhuezXZKGXmdszoGoM4cGRNIlKaVJ/.cA
35	59	elisecharpentier@guibert.fr	0100527229	$pbkdf2-sha256$29000$GCOEkLIW4txbC0GIcc6ZEw$eTGwas9IFCJAlvC9g2zLPDTeZBmLKWT7fbATSqhoU/E
36	33	mauriceperrot@laroche.net	0896995634	$pbkdf2-sha256$29000$G2OMkXJOKcW415qTcq61Fg$j6COnz9hZ/DDuoy2ZJRSL95nVmMmT7l08UfCX.NLtfE
37	58	rodriguezcharlotte@boyer.net	0602628723	$pbkdf2-sha256$29000$iTHGGMM4p9T6H8M4p5RSag$dg3DIJeTI3UZFZRHXBxA9Q5B2ACIQRtJGeLMVJCo3Wg
38	103	zacharie59@morel.com	0362647149	$pbkdf2-sha256$29000$1Hpv7V1Lae2dU8qZE.I8xw$/iiCdhJw1tviSVICOVWMXFueheG2kNCcxRz9uoMZ1Ck
39	85	cecilelegros@club-internet.fr	0820684817	$pbkdf2-sha256$29000$RogRwhhDyHmvlbIWIsTY.w$iP2biNVtatWt0pnp9rUMAhT8TI5JDM0qcCD/q8T22CQ
40	201	lefortrobert@yahoo.fr	0498701564	$pbkdf2-sha256$29000$qjXm3JszBqC0FgKAEALgvA$GS4.rTVsfnkhS5orkX7Z1ekRnj54HL/GKzFDdWHgjc0
41	159	josette17@raymond.com	0891790069	$pbkdf2-sha256$29000$.D9HyNkbgxBCSKlVipHyPg$/2F3HHHk.g5NJ/38312y8moXEX62lrvQk9UScZMGeyo
42	174	olivier52@jacob.org	0100278530	$pbkdf2-sha256$29000$G6MU4rwXQkjpfY9RSknp3Q$Q79.kWkcBCeZxMv1saE6.gOXB7Xgkw8gjLH/Z9BXVJg
43	42	stephane07@barbe.com	0131097294	$pbkdf2-sha256$29000$aa21tjbGmFMKwRiDEALgvA$7CS9JOXTACcmcq6khnSqrKwRRqPKB1SdBbTFKeWuYbI
44	3	helenebouchet@gauthier.fr	0675327367	$pbkdf2-sha256$29000$L2WM8R5DqNX63/v/H.N8rw$wnqAIYL568kjHfQ5W3Wh5Tl1qhfAlGYePfVaTO0AaGo
45	195	bretonsebastien@gmail.com	0581645808	$pbkdf2-sha256$29000$SEmJcU7pvfcew7jXek8p5Q$HlpDSfsYtXti9PImUaXRI3qJqhPlZgTfoPRCZRdlNRo
46	130	stephanieaubry@tele2.fr	0136791045	$pbkdf2-sha256$29000$c.79P8d4j7G2di4lxPh/Dw$4AiThMeedFyCkpGpHw8L/ke9V0j3m/sJpWPLOcUCbYw
47	132	antoinerossi@fouquet.fr	0684418486	$pbkdf2-sha256$29000$Z6zVes8Zg3DuHSPEOAfg3A$v8enz5AH9hTOS8jVNFqkeIwTZTbVMMeu3TvL1ZlRsIQ
48	228	xgarcia@yahoo.fr	0584758731	$pbkdf2-sha256$29000$RMj5n7O29l6rFcIYIyRE6A$ETyt8szPHBC.qhcUBgmw0vyQsBYYkMEtHE7GSJAPiRY
49	64	clemence98@hotmail.fr	0147070865	$pbkdf2-sha256$29000$WStlzLn3XkvJOed8731PiQ$w5JUx7e1bOZrlwiFU4iAUODahkNAcW2ePDaFqbkiQ70
50	115	devauxchristelle@noos.fr	0175437949	$pbkdf2-sha256$29000$730PQcjZ.9/73/s/J6QUQg$VWcJVydDT9rl7ARt617nwz6aRU.xCm/rYXkz1YNC9MQ
51	171	guyonmarianne@free.fr	0494760837	$pbkdf2-sha256$29000$y/lfy5mzdq71HmMMofS.tw$qIyXS/wbU8kxc54me/I9UoOnhKqOIJhrfXQydMqtf1Q
52	75	gerard67@mathieu.com	0214429534	$pbkdf2-sha256$29000$L.Vca835/997D4HwvheC8A$A2WLqbWxBgO4/vjcUz2Oh1iyE8vxfuxO34kqIHBGaXw
53	106	frederiqueschneider@club-internet.fr	0178959837	$pbkdf2-sha256$29000$ZQxhTGnNGcNYa.0doxRijA$tudg7PMV4SRC6VOxYkkNyOvchp7ZnW1vLeKjqAoyFpw
54	114	dupontemile@vallee.com	0562988239	$pbkdf2-sha256$29000$/p.zFiLEWGuNEaI05pzzvg$4UGb8X0eIsUM0wLg1R86MN2rW4GeXbnF5lyx6aj82ts
55	236	texierlorraine@bouygtel.fr	0203240097	$pbkdf2-sha256$29000$pJSyNoawlhJC6L2Xcs45Bw$wAxPzvMrdd1mlBrKxB.N0ohR1L47VRpGJSGYEVYaEeA
56	32	sebastien06@pierre.com	0608668587	$pbkdf2-sha256$29000$6n1PyXnPOQdgDAGA8H5PKQ$4DWv91UiHDfJtrL28NWIhX2fgYpJDWjG9mGc1J6j4Ag
57	82	adelaunay@pons.fr	0263059707	$pbkdf2-sha256$29000$w7iXklIKIUQIobSWcg7BGA$kz/ZgJJC9kzSvQN3jqso0GzEkIOkWBDMKF0OctSLYv8
58	89	merciervictoire@mary.fr	0106298537	$pbkdf2-sha256$29000$HSOEsLZ2bk0ppbQ2JmQsBQ$jOFrkFfQNCJCfZTWmtaaHw7zKTBMG9hwiKLNCdib7H8
59	74	adeleadam@wanadoo.fr	0698717195	$pbkdf2-sha256$29000$AsC4d671Pucco5QyJqR0bg$JUXo.I9El10fF5UbFrEeCh/xgGLBQm/54Nr9d4V3.zw
60	13	blinvalerie@boyer.com	0183397589	$pbkdf2-sha256$29000$SGkNQShlTKmVEqJ0LiUEAA$T2qDOI9xSHzkGg/IBBdVjUdS6vhYORn0mvoYVVZItYY
61	194	fdupre@denis.fr	0836019458	$pbkdf2-sha256$29000$Q4gRIuT8f895TwkBoHQOwQ$A7v7lrJ.rlO7dMGIMAT6CtYM46uqHIvxOxJWvGk6z.k
62	53	zraymond@chauveau.fr	0431982469	$pbkdf2-sha256$29000$nXOuVWrNOce4l9I6hzAG4A$liPV49.PRP3CrbrVoaGKjlgTIJToP.glxkL6AoYnw.A
63	136	eleonorenavarro@normand.com	0585035846	$pbkdf2-sha256$29000$2TsnZMw5h9B6b.39n9P6vw$FSCKcP5N.9Q0ApAWN2exIwhCH3ds5JgeUSy13bn4gA0
64	67	laetitiamary@marchal.fr	0650835741	$pbkdf2-sha256$29000$4jzn/L9XCsE4RyiFcA5hTA$AAtskranM2L9oWQKLzqnJfIk6tsUt4r.u9NOklufyZU
65	249	bmarechal@wanadoo.fr	0537609122	$pbkdf2-sha256$29000$dC4lJKT0Xuu9V2oNQUhJqQ$VWRVV1s5n9YNyspBeA/GbJHaSLjhWx3COd3NBHMzy0s
66	18	gilbertcamus@levy.fr	0154861370	$pbkdf2-sha256$29000$k3Lu3dv7HyMEwLhXyvkfAw$KO1q78ttPBjPG9iObe3iw4EcYt9li08maLKdJidLjPQ
67	63	lenoiraugustin@chauvet.com	0141579893	$pbkdf2-sha256$29000$2ztHaI1xDkFoTeldS2mNUQ$dGIdhiKQb2TBOS25BR./EvvaH83O1kACeNzzyMjohsU
68	87	allaindaisy@moulin.fr	0661948155	$pbkdf2-sha256$29000$do4RAuD8XytFCOFcizEGgA$EopHDSLCexonjs.H4mmLd7vevz2EQhw.urEaiORWxdA
69	93	alix68@philippe.com	0294221385	$pbkdf2-sha256$29000$pXSOMWYMQahVihECoJSSkg$hqDf1ONDRSVAY4kn34GjnwglB/BwmiKDFXnKEL.7FmI
70	127	adidier@grondin.com	0187328140	$pbkdf2-sha256$29000$SalVyplTSqkVIgRAiDFGaA$uiY2Wdos.1ozuw9T1/KdWBK2PYzQ1BwYobTce.dqS2M
71	154	allardpatrick@hamon.com	0842293060	$pbkdf2-sha256$29000$Yex9752zds65V6o1xnhvjQ$c.0aHI4L1DLnNmUewbhLLrnxjVEAp/75NBEgtd8MJoU
72	56	carolineclerc@gallet.org	0186340579	$pbkdf2-sha256$29000$8N6bk9J6r9W6dy6FcC7lPA$l3I7AkOggLClP5g1MsyCNjjsnpXJ6RgIu5GMmR8Zdus
73	117	petitmadeleine@noos.fr	0145414313	$pbkdf2-sha256$29000$LcX4////P.c8x7g3RgghBA$O32J4wOP1KoEmVmU6uzKG94ZnmnZKI548YJzKlCKrKM
74	8	adupont@dbmail.com	0600815683	$pbkdf2-sha256$29000$XAshJERI6T0HgBBirNU6xw$ScirfO84d21hQxO4D1qrVRrQkQ/MUonCU36/V252mUk
75	220	thomas12@live.com	0150046409	$pbkdf2-sha256$29000$9j6H8N67V2rNWQthbM1Zqw$eOblCHW9f5yDHM0u3q6wte44IeQ6MBa8lvgNy5hYYfQ
76	211	opottier@hotmail.fr	0428013772	$pbkdf2-sha256$29000$d66VUmrt3Vvr/T/HGCMkhA$7LnJTf4DvAn.HPoCCorELXxhKrc/v.XYSH33J3lf6NE
77	180	hmartineau@hotmail.fr	0329311487	$pbkdf2-sha256$29000$dC7lPCdECEHI2VsrJWTsvQ$DZS3Vu0XT3kFo96btBhCJKwrKJcgWRZpBhYu6Fvll1g
78	69	lucie60@ifrance.com	0231147111	$pbkdf2-sha256$29000$fi/lnHPufa91DoGQ8r63lg$dlO3lo6vB6mJk0jSxYYMs/RIKgV3QE5wPSkCfivyZ80
79	29	oalbert@yahoo.fr	0382272385	$pbkdf2-sha256$29000$kvL.X.s9h9AaY2xNCaFU6g$6CJEmbXz66EiXFD2X4XdJVOEAVOAjKBEhF9ldgq3xPM
80	139	morincapucine@petit.fr	0521961739	$pbkdf2-sha256$29000$JgQgpPT.X0sJQWhtTcm5dw$E4MWjCKUax4IgDO2nd/PsPd.dhaTLAjEBztTg4OANuY
81	66	alicepires@live.com	0228292768	$pbkdf2-sha256$29000$onTOOScEIKR0DqE0Zsy5lw$prxzhCc5QlWZVrEdCohd03sx4s6u7sosTSs0hTT0KU0
82	70	andreegoncalves@lagarde.com	0162781704	$pbkdf2-sha256$29000$NIaw1ro35jxnbC3lvPe.1w$Lu9xqQG7dkMr1OBQldEwRqhgS.yOh14TTK7nT1V4S88
83	164	guillaume63@guillot.fr	0852711012	$pbkdf2-sha256$29000$pvSe855T6n1PCQGAsBai1A$xL.gDHzTexBAF0Z0N4EgN3Y./S1T3JYDBtrs3TtoJ6o
84	80	grondinemmanuelle@free.fr	0602504393	$pbkdf2-sha256$29000$bW1t7b0XojTGGKM0xvif0w$tBFlvocAdoc7EXpAkbxn5bnlnEUeV4aKkQ3nQj.it9w
85	237	xavier50@ifrance.com	0431018136	$pbkdf2-sha256$29000$E4Kwdm7NmTMG4Ny71xrD.A$BDQ8d2Apn5ReJeNclJ2RvfZo56OSASZddYjNVxn.SN4
86	73	goncalvesfrederique@legendre.fr	0665693647	$pbkdf2-sha256$29000$l/Le21vrnRNijLHWGqM05g$GudaZUVwO1Ck6xhtgHsvfqyIFZUhNZJtHVSoxCgzzYY
87	48	martinsdenis@club-internet.fr	0188445204	$pbkdf2-sha256$29000$txYipJSS8l7rfW.NkdK6Fw$lFvvQdOmnkxfLgD.q4GeQf8D/UXpsmq9xD2fRVWEu5k
88	200	marthelebrun@laposte.net	0451744880	$pbkdf2-sha256$29000$733PWWvN.V9LKeVcS0mpVQ$7NbpQVVxZI/BJevCy/Ojrni29wTV8yOBo0md.Qu4yQ4
89	160	gaillardsebastien@gros.fr	0617598204	$pbkdf2-sha256$29000$vXfu3ds7Zyyl1Nq717r3Xg$8bikbHOs26IsapUtZ0WtPMv5QULpHCRwjaun7JLUgds
90	28	edithgodard@hotmail.fr	0288293411	$pbkdf2-sha256$29000$ZQxB6L3XGiPE.F8LQQgBYA$axi2Z0/xN54drS/JbFqzTuzvUwOM0Hi.mc5Uh5SUhts
91	81	augustin28@free.fr	0616919718	$pbkdf2-sha256$29000$3BuDMIZwLiWEUIpRSomR8g$cnuFjDftOD7Uzt7Ac7NFOGfLInUyJ0yERAVRsFQWZnU
92	10	sbarre@sfr.fr	0456546873	$pbkdf2-sha256$29000$JERoTcm5l7JW6t17j7F27g$PT9TLZJcuvpmwUS8zULkBj5hCIeBpGq80yGCd4n.YbE
93	156	leblanchonore@dijoux.com	0637086541	$pbkdf2-sha256$29000$sRbCGIOQMuac8z6HMKa09g$bKUgN.ZPjIRyKNVVHWDq2NdRVT0TSDTy90Akgkv9tto
94	191	neveuveronique@tiscali.fr	0447670915	$pbkdf2-sha256$29000$qhViTGktJaQUYkypFaIUwg$xhHo3mT/.pLJ7kTmesWNWP165oE0CS7eL4VfILCKyn4
95	119	jacqueline44@imbert.com	0455115631	$pbkdf2-sha256$29000$FwKglBKiFGJMqZWyltK6lw$QHskLoxIPQH9tXvN6Xi575kIiGPJbzW71wz73t/IQIk
96	222	rle-goff@bailly.net	0552695123	$pbkdf2-sha256$29000$iHFuzbkXwvi/FwLA2BvDeA$4kYxtBp9kVoFHghEeZNWP1P.nA7ZzNRgB8od0Xd4Tvs
97	76	thereseroche@guyot.fr	0216888472	$pbkdf2-sha256$29000$4TyHUKqVkjLGOMc4h1BKiQ$4JCsmObl1WUGzGOu1cYBKuyItAh8gLR9MEk0J7b/qow
98	5	blanchetetienne@jacques.org	0337800888	$pbkdf2-sha256$29000$o1Tq/T8HwLhXSklpLQVgTA$Cbm5lsSa9WqiLqRvUgPujYqjFjDQDccHroMk126sGgU
99	199	henrihoarau@peltier.com	0444753236	$pbkdf2-sha256$29000$4vwfQ8g5R8iZkxJCaC2FUA$soM.Nk3Jn1DjYntUn2qN0KKYx83CjfbPkQ4JuExCshA
100	20	bleblanc@noos.fr	0103626706	$pbkdf2-sha256$29000$nNP6n5NyrnUuZUyJEQJAqA$S5zi5iA0Mh8QF3DM3iExnY24e3waSXTofGo1CdTPHTA
101	225	oboutin@gaillard.fr	0149796376	$pbkdf2-sha256$29000$vbcWYkxJSSml9B4DwHiPsQ$LsdFNv3KAkha1uZTH6ruYIc2VSgVxD1Jas6QVtszy1o
102	151	alexandre65@orange.fr	0507770311	$pbkdf2-sha256$29000$3HtPiZFSypmTklKKEULI2Q$0EJgMEaCu/XvrtFHaFrV4SuF7lFOyjkxGOYSUOG1yJA
103	173	elisebuisson@free.fr	0395934338	$pbkdf2-sha256$29000$DoEQYqxVCuH837v3nhNiLA$I3fni8uIvkWATlQU3X5Z8//er2UfiQRx6yKkQ.xhCiA
104	46	celine89@denis.fr	0354745034	$pbkdf2-sha256$29000$qpWSspbSWmsN4fxf6z3HGA$KFkQqd4s8yb/wVojWujbHtYNcONdZdflM8GfRF5W46M
105	24	thomashamel@rossi.com	0106342890	$pbkdf2-sha256$29000$w5hzDsG4N8bYm1NKKYUwpg$GrJz06wNbFeq4aTuJHSLaWW8wqHmeSeQrzegzNpdVck
106	21	celinadenis@louis.net	0401939424	$pbkdf2-sha256$29000$EMI4J2TsPcd4j7GWkjLGGA$fUnCQnfe2jBpp1RzrgUkT6yw9sFymaaatbMhEHzqUHY
107	235	marcelle73@club-internet.fr	0899850788	$pbkdf2-sha256$29000$3ru3lhJCiBGCkPLe2zvn/A$j74jiL6lHEoClGU2IGbaaaMHEl98fDBcuo9ST1zB9rY
108	233	gilbertdidier@tiscali.fr	0596202003	$pbkdf2-sha256$29000$LcU4x3jvfS8FwFgLAcD4/w$rSIgYO3Dz/ywyTLEt78e6pmSvSY2TSmI77veUqO17.U
109	99	charlotte28@voila.fr	0109760248	$pbkdf2-sha256$29000$ljLmXCtFyDlnjHGOMQZgTA$cGIywF1eS1P9Wo08k.ovoO3yFcaX1kVwCqEVwZld5oo
110	204	henrietteallain@sfr.fr	0659486702	$pbkdf2-sha256$29000$8B7j3Dtn7B1DqFWq1dp7bw$9aWkBGm9H1SRk0dzDFUn6Sn4AB4TW1tLCEOfkt7Sji0
111	143	ygarnier@free.fr	0648971525	$pbkdf2-sha256$29000$WKv1HmNsDeGcE8I4Z.yd0w$qsA5pPcAJclGnhFnbhIQ6Uy6sIX44JZloayiiKa0m9o
112	214	xgaudin@dbmail.com	0576552470	$pbkdf2-sha256$29000$ISSk9F7rfU9JKSVEKCVEaA$7jy5KVZGB8uzEAn/ORS0y8KamS9pR1NDbdK4PhHDpIU
113	146	cpichon@lopez.org	0361172331	$pbkdf2-sha256$29000$HuM8h5BSSqlVipHynrOW8g$Ss3TMFKKJAgpSqMhH2rxhSLWpPo8FikIg5uaoKR6aFg
114	144	wblin@laporte.com	0820559397	$pbkdf2-sha256$29000$qzXGWGvtvbfWOgdA6B2jdA$44wkhdVHw7mAyEn3Dh26EMZEz0vcqpKqD.BlbOSCHPs
115	187	christinecoulon@allain.fr	0248044288	$pbkdf2-sha256$29000$tJbS2hujtLbWOkeo1dp7Lw$QSTN74jvjg4DOZYoEdv59FGAyPIGADspKayJq7Jg6iI
116	57	georgeshoareau@live.com	0482906818	$pbkdf2-sha256$29000$H6PUmlOq1VqrNabUmlNKiQ$3Hun07Lx0PTyYtFyRfNpGPRUcanN.z4xwMjvJlHnxjw
117	149	marc76@gosselin.fr	0850074023	$pbkdf2-sha256$29000$sdY6Z.x9r9V6jxFibE1pbQ$fW9SwrnuXxpft1AREk90no.RjmH5T5sofZqS2v4ZIXY
118	121	fauremathilde@free.fr	0597498674	$pbkdf2-sha256$29000$rpXSOuf8nzPm/D8HAEBoDQ$K24M/s4DBEl.jD4WBAb/Up.hqxjDzJGeMTsJB9GJXaw
119	30	npruvost@fischer.fr	0278102662	$pbkdf2-sha256$29000$4BwjJIQQAsC413pv7X1PKQ$YK469VpLEDkQg8n2T3sKFeztR0XdAVfu5dANC.y87y8
120	218	thibaultnavarro@fouquet.org	0204722863	$pbkdf2-sha256$29000$N.Zcy/n/P0eotfaeE6JU6g$DuVezrqKH11KmG.LzXVIrlDU7FxWifc54wcmRqnVGqw
121	129	astrid76@sfr.fr	0111952577	$pbkdf2-sha256$29000$bu1di7GW8p4zxvg/J4Twfg$ndri0IcIZiDIiq2dN43L2UwNaNB76uPsp.I2WapjkE8
122	104	nicolenguyen@sfr.fr	0647445128	$pbkdf2-sha256$29000$ohRCSEmp1XovpXRuzfkfAw$p3HhVs4hJ7lU.xSFmc8qWeWDS3sayrk8LS2Lp7WA2Ko
123	38	antoine12@yahoo.fr	0121550947	$pbkdf2-sha256$29000$qVVqTSklhBAiJEQoReh9jw$bLJmP3zOX7GZY5yFXl6JPCdHQDmEYxuCSHmTBFhrtjE
124	49	torresdominique@orange.fr	0119298815	$pbkdf2-sha256$29000$irHW2ntvzbl3ztnbW8s55w$v1msY26PodznsmL1dQSRDXl.zF8g58UqEoWOfi/PfR8
125	208	fduval@ifrance.com	0631453438	$pbkdf2-sha256$29000$a.19L4XQOkeI8b4X4nxvDQ$YK/r5X2rTSh6M6KeAwzRKHJJ7VC4qY2UrF2Tl6CU9yA
126	94	marchalgabrielle@tiscali.fr	0504728406	$pbkdf2-sha256$29000$NIbQOgegdI5RCqHUGoMwRg$g1thXUXcLENAcCC8Bd/i4/z44Z/6o3oZF0a7x7MJ67g
127	2	aroyer@coste.com	0435160800	$pbkdf2-sha256$29000$p3SOEUJorXXuvdf637tX6g$fm9sx18CIt1iaXUBS2A7/xonfp/uBeyJTu/uk73SQW4
128	239	zperrin@guillou.org	0229271265	$pbkdf2-sha256$29000$5/zfO.dci9Hau3fOWYsR4g$umwKAbqw6UvNzLvbYYfWAjDz0chD2yml1XcG9c86Vvc
129	72	renebrunet@wanadoo.fr	0512971519	$pbkdf2-sha256$29000$4fzfW2vtPafU2hujdE6p1Q$/af1sd5ELx0Mi5MCb6F6ESGxVmBMD2rde8yQCLLc49g
130	7	larochemartine@yahoo.fr	0326409792	$pbkdf2-sha256$29000$wRjDuFdKydn7vxfiXMs5Zw$e8UzzWW7PyhJEvFcW7oXiqyoyzlAfzBfJHFT9D7QUQI
131	40	barnaud@ferreira.fr	0879553504	$pbkdf2-sha256$29000$KKWUspYSwvi/dy4lZOwdQw$pUWu2yfQf.PP8c5aHfUH0QQ7o/Pl8njyUg5izF.oo6c
132	221	ebourdon@dijoux.org	0662075134	$pbkdf2-sha256$29000$B2AspXQuhdAao9R6j9EaQw$mH3XC6oj6VNGKqLsjigzVnY3O9Qg.wTHLwM84.2tulE
133	193	danielleveque@philippe.fr	0466560128	$pbkdf2-sha256$29000$tlbKmRMCQEjJ2bs3xniv1Q$tABY7N911OuELxb8yWiBoNPG2VQI77GIDZ5YxQ44fwc
134	111	madeleinebertrand@coulon.fr	0510598313	$pbkdf2-sha256$29000$Xev9v5dS6r035ry3FqK0dg$ZyCiGdIOPq1qMVvq7TWuTGR8lhLKMyZDqLstuwy8HW4
135	209	lamystephanie@guillaume.com	0869439416	$pbkdf2-sha256$29000$LMX4P0eIsfbeuzcmxHgvhQ$tjO3GC4YQ2NuPE3dFrVAU2VVebiHLdvRxbtiqRv.KQc
136	44	augerhenri@gmail.com	0150718516	$pbkdf2-sha256$29000$nVMqBUCoVapVag2B8P6/dw$Dr..51U5yhV/D.iDkhYb1AfSWGdopH3rEaV2ZS0I3JY
137	213	gautierdenise@noos.fr	0591822854	$pbkdf2-sha256$29000$6703hpBSai0lBECoVQrB.A$LaysMwovnXCWW8owaCOZNLSakte3ZaLTwDic/FVRhBA
138	62	penelope91@munoz.org	0459638746	$pbkdf2-sha256$29000$P4fwXmttLQUgZCxl7N0bAw$Rhx4dtDsTzpRNKJI0g.6QjomQ406hB3kSRtqzX6GcjA
139	186	bodindenise@renault.com	0895776185	$pbkdf2-sha256$29000$zhnjXOtdSykF4DwnZCylNA$qRjbMi9HO7srZwRfTT9dHmpJmHSsH7i1ytTaDdYtx7Y
140	210	collinalix@faure.fr	0178385064	$pbkdf2-sha256$29000$0Pofw5iztrb2PifEGCMkhA$oARzJWu6ML.XgrqHeITmHT/1Tc3zfuXx29Xj6CR4NRM
141	190	daniellebigot@lamy.fr	0178631384	$pbkdf2-sha256$29000$wPhfyxkDIGSMsdZ6r1XKGQ$/jqi.OEvMLJD3PJAsisdYXpr6eFt2OUW/fJtOvVD5Es
142	118	honore96@club-internet.fr	0109622838	$pbkdf2-sha256$29000$KcV4DwFAKGVszdk7R.gdww$16OEKU9T66LRIdixqL20hF0efDFt9zcYLXYQAJo9ETo
143	34	scharpentier@gaillard.fr	0192738732	$pbkdf2-sha256$29000$1zoHYIzxXqv13tsbQ4jxvg$T.ZL7hVyK/pz12999T1TNuRYEXcVUwWajqatiQHxHIs
144	102	gillespereira@le.net	0365516730	$pbkdf2-sha256$29000$5jyH0BrDuBdCiJGSUqo1hg$X6Ykwf78tbqcoXQgdkwKTyen0rkhZbDHeSFV5txRArA
145	17	noel14@voila.fr	0116576806	$pbkdf2-sha256$29000$ypmz9j6ndG6tlVKq1XpvbQ$HT9WFjLg8ssujbfS5P.B3N0BtQ9iPcxvp3AlVgWz9pk
146	22	genevievejoubert@pasquier.fr	0807335005	$pbkdf2-sha256$29000$M6aUMkYIQWjN.b.3NqZUag$0rotTJEXY8RjNUZe5dqg2KTUN6y8Mw1NOc12Gx7.gOs
147	1	danielle00@sfr.fr	0137175705	$pbkdf2-sha256$29000$RyhFaE0JoXTufW.NUWoNgQ$d.vp9WJ5fbuCghgFljlN8cQXFFVbcmqjGiNoNxsZo3M
148	157	lalbert@simon.fr	0859203338	$pbkdf2-sha256$29000$8r6X0loLQWgt5fz/n5MS4g$VbMQTH.s.hr2jv5R3cCjx0OXvRXLW753wDX1EwjmhJ0
149	128	paulraymond@wanadoo.fr	0446653859	$pbkdf2-sha256$29000$ktKaE8I4xzhn7L13TokxJg$d/VEoPFCezHbz08xTn5GW0reHQZVAz64JDhiSMH.wmU
150	183	jules65@yahoo.fr	0153828672	$pbkdf2-sha256$29000$dU6JkTKGEMLYG6O0Noawlg$KcJivO6uoe7Cjk7w/bsqd7PAHQf1A84ylfXiAvfxx6U
151	9	michel27@wanadoo.fr	0466344406	$pbkdf2-sha256$29000$CWEspXQuZcxZK.W8d671fg$Og0E/KmN02.5oKu4Kb7/aEO2zavtDUeDaW5kMKE.d3c
152	96	emmanuelle35@fischer.fr	0315036202	$pbkdf2-sha256$29000$vNdai5EyBmCMUWpNKaU0hg$NDnA/2KmiZZJ2fPSviNl0hxy59e3TC2vNGYAOPZNmg0
153	245	hmoreno@orange.fr	0434446595	$pbkdf2-sha256$29000$.J9zLmXMeU9J6V2LMSaE0A$Nn2.cka0jxg5vChkZwCLRAkBCQiOiOACprNG6a6Mbp4
154	197	lemaitremarianne@dbmail.com	0195392154	$pbkdf2-sha256$29000$IIQw5jxH6J2TknKutRYCQA$Kk1LBcDn72lAakEEBFDhBEpmuil8YuUmRK1mJmflOyE
155	188	alphonse54@orange.fr	0250343932	$pbkdf2-sha256$29000$JQRgbO3dmzMmJMRY6713bg$nOOCvXKwmQb9nghmSi4wa2w93s4fhvyf8Cqa6ik/bCU
156	134	denisramos@sfr.fr	0640948044	$pbkdf2-sha256$29000$AEDo/T.nVCrlnLNW6n1v7Q$.u0V/izrVqyAgLrkWtLiLTcB4iHzWJQoq6Vfs3zB/8k
157	142	laetitia37@besson.fr	0173403764	$pbkdf2-sha256$29000$vPf.39t7L2WMEaLUuvdeCw$bUeM2rQpQRBaRxEJZeURPUm.S8YwH8MWBlQ0q9hheX8
158	97	ochartier@ruiz.fr	0810004063	$pbkdf2-sha256$29000$4DzHeM9Za02ptXauNcY4Rw$hcznoavDMPOeAzVoR/YZBt5KNy7/0xedaaRCznvgGr0
159	133	girardgerard@free.fr	0184046660	$pbkdf2-sha256$29000$L4XQupfyfq.VUmptTcm59w$bFMxGthvOasB23yf2rcTI6R5viA0mvgEqLgO.pfRotE
160	71	lucie74@pierre.com	0569261503	$pbkdf2-sha256$29000$FeJ8D.EcgxCCMOYcA8C4Fw$3XoqWadvJeS3xPVIzcMSQmYcAX/Avj5tI8XmuswX8ro
161	92	legranddorothee@sfr.fr	0498440008	$pbkdf2-sha256$29000$2lvr3XsPoZTyPicEQEhJSQ$mPmPOur35i0XOfeM.qYmKwm/Nn6BjCaaSKsS3yQSj3s
162	242	galletpenelope@wanadoo.fr	0431847423	$pbkdf2-sha256$29000$hZByrvV.7x3jvPc.R4gR4g$7..fZKp5/VmZxli4CnRhVb6rJhw4VNaX4fIaMTTTFJ4
163	65	fchartier@noos.fr	0288150509	$pbkdf2-sha256$29000$HKN0LoWQsnautRYCACBkDA$gP6GN4UL3XoIqJy8brPDB8Q96Q4raj5.Byo1/CtaQ4I
164	246	nmartin@club-internet.fr	0646344125	$pbkdf2-sha256$29000$6J0zJqQ0RmgtJcSYE4Iw5g$GabunAvu6rKY3Q8nX/KfmwJJPLkdUxa/7z10CQN7WBI
165	27	diane36@noos.fr	0415260494	$pbkdf2-sha256$29000$BoBQKmXMWWsNwVgrxViL8Q$N4TJKE7g8G6jrsz2XnR4oloaekRgU55XbPmpEretNZI
166	100	diane67@ifrance.com	0418308082	$pbkdf2-sha256$29000$AcDYm7NWytlbCyHEuNe6tw$Lc2Nrlq1AaiVzN0y86hckBwbXITUpz9AJ6cK.g7L5AQ
167	161	edithbourdon@free.fr	0207919530	$pbkdf2-sha256$29000$BgAgBCBkTAlhzNnbW4tRag$UgfoHY/JTXklTirfU1rPjMc5ndw6QvoDwR/A7EXxoX0
168	207	celinafleury@dbmail.com	0244590331	$pbkdf2-sha256$29000$e4/xPofQGkOolfJ.711rTQ$zzx09Xk1A0umyDcty.eA7yvg0ySmCbrMMKx3tfWATw0
169	145	lelievreveronique@gmail.com	0102480760	$pbkdf2-sha256$29000$LWUM4RwjhHDu3TuH0JrTug$jAfbivt7vj/xQBG4qB1VdR9r.hz6dKVcHr0kZcTqamw
170	169	gabrielle00@laposte.net	0195009504	$pbkdf2-sha256$29000$VMqZE8J47z0H4HyPkRJiTA$pffbDRP67.Fo6y2.bldUpz1EFPIm1PH/vis1IL/zfPo
171	168	josephineletellier@noos.fr	0806288712	$pbkdf2-sha256$29000$2ruXMsbYe49xjjEmxJjTug$7znriHJ0jP39ZDCcg8hCd80b.MybTqQwM9vDmAMHiys
172	88	emmanuellelenoir@lamy.com	0483991044	$pbkdf2-sha256$29000$bi3F2HsPAaBU6r1X6v3fWw$HFOWlXqKg3QzN46/V7xHHIIt7EgbFWLgYPuE0oham7g
173	109	elisabeth35@hoareau.com	0180914722	$pbkdf2-sha256$29000$KuU8R0jJeS.FMEZI6T0nBA$Ak5zoLkcMGB127jtMUc3m3ATwEXX9rKpVY1/N0nd3iU
174	113	nicolas20@pichon.fr	0598314705	$pbkdf2-sha256$29000$zxkD4Jzzvvdeq3WOEcK49w$hRPYu9LHVCLaTTLJl741f77Dj.YVeg/iikVmngd7aLw
175	250	sylvie68@baudry.org	0652615577	$pbkdf2-sha256$29000$EaKUMmbsnTPG2BsDQGht7Q$CODA4gjN8GB0nacskGUmPGIhcRlLrcTQ77u6sNUjw1w
176	198	pruvostanne@bourgeois.fr	0389514386	$pbkdf2-sha256$29000$673X.p/T2juHUArhHCNkLA$jT4F/LbHbSbhRAHyrfUsAyDty5BSABFzEGl11EMTanU
177	230	constancevoisin@collet.fr	0405629644	$pbkdf2-sha256$29000$8V4rhXCu1VoLoZTyXqtVKg$BuzkyhOxz.JRvTxudc8.FauAb6QpxIJZivYZhIFjrag
178	176	qde-sousa@club-internet.fr	0698131474	$pbkdf2-sha256$29000$GoOQUmrt/V8LgXBurVXqPQ$HenPHcS82WZ.hR5vbRECvV7h6QUK.YS8d9bAJSmW/Ko
179	215	sophieguichard@bouygtel.fr	0438551467	$pbkdf2-sha256$29000$RwhB6B2jFAJACCHkfM8Zgw$NfqYfhRpA5.fnEVtuBIfZqnM32K238n0bqIe0bH0LjI
180	14	eleonorechevallier@colin.com	0272358108	$pbkdf2-sha256$29000$YwzBOGesVUoppdSaU6oVQg$3e5LFLL.40jrVZfEQLXDcToerSnJwanXUAzRW6Wogw8
181	126	wlefebvre@carpentier.com	0104939962	$pbkdf2-sha256$29000$Z2xNCeE8R8g5x9hbi7H2ng$fzUElNiInZk58cm9NbFb1dfwfltbkD0p5hv/eSVqpNA
182	178	nathalielaunay@perret.fr	0164797453	$pbkdf2-sha256$29000$GOM8B2Dsfa/1/t/7/58Tog$lV6RQ/kZIrvSWMPVqLYhajJc9D/SWFQyXcRJ2ConTC8
183	203	celineguillon@laposte.net	0196032040	$pbkdf2-sha256$29000$A.C8l/K.d85ZS.ldq9U6Zw$zt5UT.5vEdCIp7D9tmG3NKTIhfgG3P5pDWAhfCMz4rs
184	131	pottierandre@yahoo.fr	0127027087	$pbkdf2-sha256$29000$QAjhfE9JqRWitHZujbEWAg$YAMwSEow/sYwhr.H5w7xHoB3fQ5rSKOCvDpc3NwegXo
185	182	reyoceane@nguyen.com	0171921055	$pbkdf2-sha256$29000$ljImBGAsJSTkfI/xfg8hZA$XSKebXOsoKCC4Ix0q/nC1OIAYcuLx5dOobePQf7k6tM
186	147	mauryroger@orange.fr	0690373929	$pbkdf2-sha256$29000$HeMcA.B8T4lxzlkLAcC49w$VwhaUwRrer.QOJjZekEIoaEFlQfC4//FwrOF9wJADxM
187	166	bernard97@berger.fr	0630702251	$pbkdf2-sha256$29000$SSnlPGcs5RxDyDlHyDmH0A$ehbY1CLzyCNUy5LBNw8iIknRogMMz/mXV5oyoBJHIzI
188	107	henrileclercq@hotmail.fr	0648961462	$pbkdf2-sha256$29000$phTinHPuPcfYey/l3FvrnQ$n6INeRXY6Az5EDGQQLVLKii8MuHFLo/IgZE17sbEIcQ
189	232	bernardvallee@voila.fr	0131425967	$pbkdf2-sha256$29000$Z2zN.f9fC.EcQ2gtxfj/3w$GCAaKGHwWfVNadBWti5oqg9GhNVjQstRpFaG9znkcI0
190	219	ameliebrunet@hotmail.fr	0629022747	$pbkdf2-sha256$29000$tDZGyNmbs7bWupcSAoBwrg$H5MqUJnrFdRze3p1MHB7DqrOiOITDm3SUXHi1aaxKFo
191	179	atoussaint@dbmail.com	0225905455	$pbkdf2-sha256$29000$FgIAwNgbYwwBIGSslXLOOQ$icU7LaYvuJ.Jy68a1Gg8HvZyfQM7vugm/4Upul25B8E
192	41	yhumbert@thibault.fr	0185666381	$pbkdf2-sha256$29000$pvT.v5ey1przHqO0Vsq5Nw$HSFgX1IxsfuLxaypGV1IlFs5ycJCHKI.7L6guH5QneY
193	52	ydiallo@gillet.fr	0375777639	$pbkdf2-sha256$29000$hPD.nzOmVEqptRZCyFmr9Q$6tpG3pxfFTWVaSm9LaA43Xpc.y3gqlnhueNnW955uSo
194	165	lpaul@wanadoo.fr	0190382281	$pbkdf2-sha256$29000$KoWQ0hqDkLL2fo9RCiFEyA$jbf9XmqSntFr/GbT3oyAO/BNU9O1CTcepM6LITHoBKE
195	247	alexandre39@ifrance.com	0204594473	$pbkdf2-sha256$29000$jzHm3NvbmxPiXOsdQ8hZSw$PUVElHIVAfpoGsjnO2fmaEGifhrtKQ2B.tqeI.Uk89Q
196	19	xrousseau@ramos.org	0624001693	$pbkdf2-sha256$29000$JATgXEup1VrrfW9NKQXgXA$GBPTE4IIWVAFjA924RTpjt.IcpbbpNuxcgRU7JPHamQ
197	152	ihardy@georges.com	0373259492	$pbkdf2-sha256$29000$yRnjfC8lxJhzjtGa834PIQ$eQDVa97sIAl1c2O.1TNDXPSTEJnQKQyijTpoypulbyg
198	86	piresemmanuel@guillot.fr	0553777529	$pbkdf2-sha256$29000$Tokx5jynNEYIAWBsbW2NsQ$vo0rwrn67ULBL3DWmzu5hI43pCYcXJzXUhCVC..nkEI
199	15	xlelievre@gmail.com	0810351989	$pbkdf2-sha256$29000$l/IeAyDkfG8N4dzbu5eS8g$jZLcXFOdtBZbvpvbvaTVMIlDolUOmlRPpdi0FRtBzQk
200	84	coulonhenriette@ramos.net	0138596785	$pbkdf2-sha256$29000$/H9Pydmbk3JOifEeA4CwNg$LLOBMmR7X9HA7T6sNtFeiEBB7FRa7Ez.samPAPwbzwc
201	123	ocordier@renault.org	0429757967	$pbkdf2-sha256$29000$FWIsZcy5d855j9G6d67Vmg$1rZtVFIUNpG2/bdmrWVOOSjLPoJkGQUjnqSO4Z4jCiM
202	77	blinbenjamin@sanchez.com	0672105440	$pbkdf2-sha256$29000$i1GK8Z5TirG2dq4VYsw55w$3NQ4zxA.KDGNI.N1h7k5UrDgZIR1kfrKUhyLrWXHrpQ
203	223	gabrielle50@gregoire.fr	0159825678	$pbkdf2-sha256$29000$9T6HcI5RSonRWotxTilFCA$V1Tj1UdV8Rm3oHKSiZZV7rlCrL1BVL2XQErkUqVZoWE
204	98	virginieguillet@free.fr	0345709394	$pbkdf2-sha256$29000$zTmHMOZ8j1EqRcjZO4cw5g$8tfpNncA/4LyBypi3EnGK26iPxdMCMsBmiIWRcNqKYI
205	16	dominique23@pascal.net	0169899494	$pbkdf2-sha256$29000$bg1hjBGCcE4pJWSM8V7r/Q$BnUVHF6.PDvm7Q.Mxxm33lOV18QHCbWjOVcU0EWs9dg
206	23	edaniel@legendre.org	0379812018	$pbkdf2-sha256$29000$HENojbHWGoPwPgegNOa8lw$TEIdq.M0VWfDKRPQEaYGOO9x6hYIxLlX2Y3JGJAhgfM
207	125	charles61@free.fr	0128593382	$pbkdf2-sha256$29000$3ZsTYsz5/7.XMoZQ6r33fg$LNGn7p8uR9VtPMTSc37.jM3pTCkA/lTk26XyofecHBI
208	196	brigitte10@sfr.fr	0644953358	$pbkdf2-sha256$29000$ba31vpcSgvDeO4fQupcyBg$reALGyxIN73kHImXKycDPkMeWxI6rKVue8M5JIBubIQ
209	26	martine83@bodin.fr	0160912561	$pbkdf2-sha256$29000$mpOy9l7rXavVOsf4n7MW4g$zk8spQLSgulpM59x1SoB6EAMuSFvF317yRbYTMEvVlw
210	91	kguillaume@leblanc.fr	0688566480	$pbkdf2-sha256$29000$llKq9T7n/H.vNYYQIkQopQ$6P5Opp8CKzN7/bdQIzyz1NIrCGBW84vyxgPeNrWNt7c
211	120	dumontmarie@faure.com	0671173282	$pbkdf2-sha256$29000$/D9H6F0rBUAIgbA2xvhfqw$TMCTkzBXCYsBEC8hqQh.T/BNbDcJDGTDJUz87b.EEKY
212	202	marcel56@gomez.fr	0366482539	$pbkdf2-sha256$29000$4ZyzFqKUcg5hrJUSAkCoNQ$0x9fICIW/VehcyEIrOMGst9IvipxDWGIWDT37s60KFg
213	238	madeleine16@dbmail.com	0496181580	$pbkdf2-sha256$29000$fK91Tql1bu1da6219v7/Pw$2HvdV1UPzUa8iEEUV7TKDtYuR5.UbUC31ZhHXpZFrNs
214	12	lbruneau@dbmail.com	0279809532	$pbkdf2-sha256$29000$FAJAiHEuhfCeE0IIYaxVig$vzCSjzLMVAw7I4a007GHhXRp51p3ysS2uaaRWi8IgDY
215	55	khardy@bouygtel.fr	0163766663	$pbkdf2-sha256$29000$HmNMaW3NGUOI8R6jdE5p7Q$Y7ExE21uiR7oQ11BX7Yj8m8vsjoJWYYZEJlMAg4QJvM
216	124	valentine51@jacquet.net	0249384511	$pbkdf2-sha256$29000$y7l3bi0FAOCc875XqjXG2A$EaoxtQ6GnIP20vZ8yEugQfN/4nI5QfLULpDsXW/JtT0
217	158	suzannepelletier@parent.net	0234248684	$pbkdf2-sha256$29000$thaCsNbae4/xfu/de4.REg$o7.3TQM.IeN3MXxE643oE0S4oun8ns/FzqsxMxLRlhQ
218	47	eduhamel@couturier.com	0345045361	$pbkdf2-sha256$29000$g/Deu/e.lzLmHCNEiDEGgA$KIPKHtudyMrf0vDhKGGVhxpnncWXt74Ouc8ZqDHuYE8
219	11	augustin37@wanadoo.fr	0219808328	$pbkdf2-sha256$29000$DuHc27uXknJuDUGIsdZ6zw$tPnHoR471eDvkKtgSAYUDi.Ii4TCbSQU4611yK37zoc
220	31	bertrandfischer@club-internet.fr	0370221595	$pbkdf2-sha256$29000$33uP8d77f6.VkvK.t3ZOiQ$9EGvtC2uPtQCRDGla.fvhw.LncaLYIpivRgE7nawCxk
221	217	clemoine@wanadoo.fr	0325656216	$pbkdf2-sha256$29000$CmFsLSWEcG5NCYGQUgqhNA$535afR1YbO4eyN741CjLjU6VDmTtf7OP9gHIu3ZruzA
222	50	hoarauarnaude@ifrance.com	0101001924	$pbkdf2-sha256$29000$NqZUqvUew5hTKuVc6/0/hw$0j2xTqC1Z2u0JXsw42vHY/YY6eRDksYMkL1x0cDRnuc
223	116	rbodin@laposte.net	0118591688	$pbkdf2-sha256$29000$y7lXKqU0pnSO8T7nHCOk1A$WzvFHHCk9Gqeyfgs0i3bb.5bsyArYaTktqVcaBVdrMg
224	216	nicolasruiz@laporte.com	0632467237	$pbkdf2-sha256$29000$gFAqRcgZ4/xfCyGk9H4PIQ$CeaAsonew6179v.wJd1njErNo5Po5vMgwd17xEi/zaE
225	240	simonnicole@laposte.net	0470147992	$pbkdf2-sha256$29000$uHcupXTuvbeW0hqD8L7X2g$sgAZ58MvoJUQBHsB4UQaXByfCdAqD3.03rNzfLCITf8
226	54	eric79@dbmail.com	0864711026	$pbkdf2-sha256$29000$6D0nRAhhbM25N8YYw5jzPg$YLNqVhhde1TvSHAmLMZpnx07gJu4rH/buIiiYdtFcQU
227	138	croyer@bouygtel.fr	0116125065	$pbkdf2-sha256$29000$3luLMYawNgZAKMUYIyTkHA$0RqKVor/ARYbJtR9EcVNYcpSk0zdSKLgfZBn/1D.Wds
228	25	tristanpires@noos.fr	0671409017	$pbkdf2-sha256$29000$uVdq7d2bE.Jcy9lbq5VSag$BBvM/3weLW/9i8zZMOKgTQLEHkHbrZtKi2Yjj3ltowE
229	101	astridjacquot@bouygtel.fr	0395798172	$pbkdf2-sha256$29000$yhlD6B0DIATAOGeMUQpByA$VOSDiojGcdkbV1hK/TutaRTe5TPW80fCI2w44RPyvBw
230	137	nicolaspayet@sfr.fr	0581540732	$pbkdf2-sha256$29000$PIfwHsMYIyTE.L93rjWmdA$vnGUxHzr8q/mDdEMWuRAUGwUaVCf1gZktgD.VI.BIgQ
231	162	xdelahaye@laposte.net	0171418706	$pbkdf2-sha256$29000$hpDS2pvTOodw7j3HWEspJQ$NyQEVrFbFGj6hRJZ8V77.K92l1ItuOJEUoH7XeBCc.g
232	140	gregoirecarre@muller.com	0185358252	$pbkdf2-sha256$29000$QmgNYQzhvLc2xhgjZEwpxQ$ftfx56/TeZMWS3D04ZXQfZf6aVl0TFGBB570gP/Kigs
233	45	zdelmas@le.com	0415488862	$pbkdf2-sha256$29000$I8R4T2kt5dz7H8OY0xqDcA$wDehuwh5/pMr9T1H.aqsxOmsf8e7QyF4IvfIN/9/ccA
234	43	zrobert@deschamps.com	0160379588	$pbkdf2-sha256$29000$O4fQmvM.51zLWSullBKCMA$UFFlYw8CCPrVfZGx2XsRuYa9qFM9DutdzegWF2RmzLw
235	224	benoitdos-santos@normand.fr	0133305098	$pbkdf2-sha256$29000$19obA8B4TylFSGkthVCKcQ$.csqi/bZTeorXmNscOOZ9xSyIzt088ScNApcy.Uw37M
236	153	andrecohen@yahoo.fr	0667407065	$pbkdf2-sha256$29000$xVjLmRNCqJUSYgwBICSE0A$437Tki5PRXnl3gnhLEOvjmCC8RVZzO0/TcsGfSGRweQ
237	83	xlevy@hubert.fr	0114766620	$pbkdf2-sha256$29000$KGUsRYjxPkeIUSoFwFirtQ$v3eP9aJuafkydqbIreGXEzqeATAy2YQ9bdcjXPKolGY
238	181	alix11@teixeira.com	0100520706	$pbkdf2-sha256$29000$YOx9z9lb631vbc2Z0zrn3A$rH1Npyd4vr1l8BmC3MZUFJXGmaFY3tx1GKrfZ74NClA
239	248	georges91@club-internet.fr	0545095412	$pbkdf2-sha256$29000$SSnlPEcoReid05pzDgFgrA$SagecZqsrynVgpc1Q4qyveJsi0yV0hBTO6kMzMKHitw
240	78	andreeblanc@tele2.fr	0407275581	$pbkdf2-sha256$29000$c04pBcAYg7AWohRiDIHQ2g$2pFGxAPafQVsIFBt42BIC.76kiiNY9ErklwQeoelGwc
241	36	tdeschamps@vaillant.net	0223654852	$pbkdf2-sha256$29000$5DyH8F6rlVIqhVCqdW4tJQ$nwV/g9KON575qpZcgm..mK6gud8soi8/fK8pFsYjfYM
242	244	mailletodette@pinto.net	0891959723	$pbkdf2-sha256$29000$4LyXEqLUem8NAQBgjHFOSQ$EFrSkZSATbI38yvCf2NE9l5z/MM1jZXJq0SZALkTrv4
243	68	pineaucaroline@gmail.com	0280295626	$pbkdf2-sha256$29000$jBGC0Hqvde5day2FUEophQ$nX.HQhfu3B2dlwwzcr.RAV92/iS/lFrVlkA5UlbQKG4
244	79	denisetexier@hotmail.fr	0284907422	$pbkdf2-sha256$29000$2zsHIGTs3VtrDaG0ds7ZGw$Iwc8GfLhziSeQILXTnCB3b9xLnUXO9dimU/SlBnQmaY
245	177	vincent14@voisin.com	0435420335	$pbkdf2-sha256$29000$I2Sstfa.11prbY1RKmVM6Q$ek5jKbDG2yL9/oy.2tDWBLDqSci3nP26ELJo9xIjGmI
246	206	arnaudolivier@poirier.com	0269788365	$pbkdf2-sha256$29000$iXGO8Z7zPoewFqIUQohxDg$9QKGX/kPLFQiH1j7a6ZCjIQIKjWaNKQB0aVx9kZaBsA
247	175	danielpierre@free.fr	0674161879	$pbkdf2-sha256$29000$2dubkxKiVEoJIUToPceYkw$QF8qAL7I9pT6uwuHupxaeK/DJ2krLRuJfyklmWk6Wi4
248	112	roywilliam@chevallier.com	0353659265	$pbkdf2-sha256$29000$n1NKCeHc2zuHkPIew3jvvQ$YvQ93TX6fon3SZ/96dMeB1eq6yAyChOymXp8cnWLeRs
249	110	nmathieu@dupuy.fr	0678701079	$pbkdf2-sha256$29000$EeK819o7Rwjh3BtD6B0DQA$Z6qJcy861dBLOGueHkMsTLLGUOP2k9fZYgrkobQ4GGs
250	192	godardtimothee@yahoo.fr	0105677883	$pbkdf2-sha256$29000$iLEWwhiDUMqZEyJkTKmVMg$eQFNUK9qcCZ8PHlH.RYg1wgGMHKVrVBIoUk6MuNNLV4
\.


--
-- Name: address_id_seq; Type: SEQUENCE SET; Schema: public; Owner: root
--

SELECT pg_catalog.setval('public.address_id_seq', 250, true);


--
-- Name: bill_id_seq; Type: SEQUENCE SET; Schema: public; Owner: root
--

SELECT pg_catalog.setval('public.bill_id_seq', 250, true);


--
-- Name: catalog_item_id_seq; Type: SEQUENCE SET; Schema: public; Owner: root
--

SELECT pg_catalog.setval('public.catalog_item_id_seq', 23, true);


--
-- Name: keyword_id_seq; Type: SEQUENCE SET; Schema: public; Owner: root
--

SELECT pg_catalog.setval('public.keyword_id_seq', 35, true);


--
-- Name: member_id_seq; Type: SEQUENCE SET; Schema: public; Owner: root
--

SELECT pg_catalog.setval('public.member_id_seq', 250, true);


--
-- Name: order_status_id_seq; Type: SEQUENCE SET; Schema: public; Owner: root
--

SELECT pg_catalog.setval('public.order_status_id_seq', 4, true);


--
-- Name: permission_id_seq; Type: SEQUENCE SET; Schema: public; Owner: root
--

SELECT pg_catalog.setval('public.permission_id_seq', 5, true);


--
-- Name: pizzeria_id_seq; Type: SEQUENCE SET; Schema: public; Owner: root
--

SELECT pg_catalog.setval('public.pizzeria_id_seq', 5, true);


--
-- Name: product_id_seq; Type: SEQUENCE SET; Schema: public; Owner: root
--

SELECT pg_catalog.setval('public.product_id_seq', 35, true);


--
-- Name: recipe_id_seq; Type: SEQUENCE SET; Schema: public; Owner: root
--

SELECT pg_catalog.setval('public.recipe_id_seq', 23, true);


--
-- Name: role_id_seq; Type: SEQUENCE SET; Schema: public; Owner: root
--

SELECT pg_catalog.setval('public.role_id_seq', 5, true);


--
-- Name: taken_order_id_seq; Type: SEQUENCE SET; Schema: public; Owner: root
--

SELECT pg_catalog.setval('public.taken_order_id_seq', 250, true);


--
-- Name: user_account_id_seq; Type: SEQUENCE SET; Schema: public; Owner: root
--

SELECT pg_catalog.setval('public.user_account_id_seq', 250, true);


--
-- Name: address address_pkey; Type: CONSTRAINT; Schema: public; Owner: root
--

ALTER TABLE ONLY public.address
    ADD CONSTRAINT address_pkey PRIMARY KEY (id);


--
-- Name: bill bill_pkey; Type: CONSTRAINT; Schema: public; Owner: root
--

ALTER TABLE ONLY public.bill
    ADD CONSTRAINT bill_pkey PRIMARY KEY (id);


--
-- Name: catalog_item catalog_item_pkey; Type: CONSTRAINT; Schema: public; Owner: root
--

ALTER TABLE ONLY public.catalog_item
    ADD CONSTRAINT catalog_item_pkey PRIMARY KEY (id);


--
-- Name: contains_item contains_item_pkey; Type: CONSTRAINT; Schema: public; Owner: root
--

ALTER TABLE ONLY public.contains_item
    ADD CONSTRAINT contains_item_pkey PRIMARY KEY (order_id, item_id);


--
-- Name: has_keyword has_keyword_pkey; Type: CONSTRAINT; Schema: public; Owner: root
--

ALTER TABLE ONLY public.has_keyword
    ADD CONSTRAINT has_keyword_pkey PRIMARY KEY (item_id, keyword_id);


--
-- Name: has_permission_to has_permission_to_pkey; Type: CONSTRAINT; Schema: public; Owner: root
--

ALTER TABLE ONLY public.has_permission_to
    ADD CONSTRAINT has_permission_to_pkey PRIMARY KEY (role_id, permission_id);


--
-- Name: has_product_in_stock has_product_in_stock_pkey; Type: CONSTRAINT; Schema: public; Owner: root
--

ALTER TABLE ONLY public.has_product_in_stock
    ADD CONSTRAINT has_product_in_stock_pkey PRIMARY KEY (pizzeria_id, product_id);


--
-- Name: keyword keyword_pkey; Type: CONSTRAINT; Schema: public; Owner: root
--

ALTER TABLE ONLY public.keyword
    ADD CONSTRAINT keyword_pkey PRIMARY KEY (id);


--
-- Name: member member_pkey; Type: CONSTRAINT; Schema: public; Owner: root
--

ALTER TABLE ONLY public.member
    ADD CONSTRAINT member_pkey PRIMARY KEY (id);


--
-- Name: order_status order_status_pkey; Type: CONSTRAINT; Schema: public; Owner: root
--

ALTER TABLE ONLY public.order_status
    ADD CONSTRAINT order_status_pkey PRIMARY KEY (id);


--
-- Name: permission permission_pkey; Type: CONSTRAINT; Schema: public; Owner: root
--

ALTER TABLE ONLY public.permission
    ADD CONSTRAINT permission_pkey PRIMARY KEY (id);


--
-- Name: pizzeria pizzeria_pkey; Type: CONSTRAINT; Schema: public; Owner: root
--

ALTER TABLE ONLY public.pizzeria
    ADD CONSTRAINT pizzeria_pkey PRIMARY KEY (id);


--
-- Name: product product_pkey; Type: CONSTRAINT; Schema: public; Owner: root
--

ALTER TABLE ONLY public.product
    ADD CONSTRAINT product_pkey PRIMARY KEY (id);


--
-- Name: recipe recipe_pkey; Type: CONSTRAINT; Schema: public; Owner: root
--

ALTER TABLE ONLY public.recipe
    ADD CONSTRAINT recipe_pkey PRIMARY KEY (id);


--
-- Name: requires_product requires_product_pkey; Type: CONSTRAINT; Schema: public; Owner: root
--

ALTER TABLE ONLY public.requires_product
    ADD CONSTRAINT requires_product_pkey PRIMARY KEY (recipe_id, product_id);


--
-- Name: role role_pkey; Type: CONSTRAINT; Schema: public; Owner: root
--

ALTER TABLE ONLY public.role
    ADD CONSTRAINT role_pkey PRIMARY KEY (id);


--
-- Name: taken_order taken_order_pkey; Type: CONSTRAINT; Schema: public; Owner: root
--

ALTER TABLE ONLY public.taken_order
    ADD CONSTRAINT taken_order_pkey PRIMARY KEY (id);


--
-- Name: user_account user_account_pkey; Type: CONSTRAINT; Schema: public; Owner: root
--

ALTER TABLE ONLY public.user_account
    ADD CONSTRAINT user_account_pkey PRIMARY KEY (id);


--
-- Name: contains_item contains_item_item_id_fkey; Type: FK CONSTRAINT; Schema: public; Owner: root
--

ALTER TABLE ONLY public.contains_item
    ADD CONSTRAINT contains_item_item_id_fkey FOREIGN KEY (item_id) REFERENCES public.catalog_item(id);


--
-- Name: contains_item contains_item_order_id_fkey; Type: FK CONSTRAINT; Schema: public; Owner: root
--

ALTER TABLE ONLY public.contains_item
    ADD CONSTRAINT contains_item_order_id_fkey FOREIGN KEY (order_id) REFERENCES public.taken_order(id);


--
-- Name: bill fk_bill_order; Type: FK CONSTRAINT; Schema: public; Owner: root
--

ALTER TABLE ONLY public.bill
    ADD CONSTRAINT fk_bill_order FOREIGN KEY (order_id) REFERENCES public.taken_order(id);


--
-- Name: catalog_item fk_catalog_item_product; Type: FK CONSTRAINT; Schema: public; Owner: root
--

ALTER TABLE ONLY public.catalog_item
    ADD CONSTRAINT fk_catalog_item_product FOREIGN KEY (product_id) REFERENCES public.product(id);


--
-- Name: catalog_item fk_catalog_item_recipe; Type: FK CONSTRAINT; Schema: public; Owner: root
--

ALTER TABLE ONLY public.catalog_item
    ADD CONSTRAINT fk_catalog_item_recipe FOREIGN KEY (recipe_id) REFERENCES public.recipe(id);


--
-- Name: member fk_member_address; Type: FK CONSTRAINT; Schema: public; Owner: root
--

ALTER TABLE ONLY public.member
    ADD CONSTRAINT fk_member_address FOREIGN KEY (address_id) REFERENCES public.address(id);


--
-- Name: member fk_member_pizzeria; Type: FK CONSTRAINT; Schema: public; Owner: root
--

ALTER TABLE ONLY public.member
    ADD CONSTRAINT fk_member_pizzeria FOREIGN KEY (works_at_pizzeria_id) REFERENCES public.pizzeria(id);


--
-- Name: member fk_member_user_account; Type: FK CONSTRAINT; Schema: public; Owner: root
--

ALTER TABLE ONLY public.member
    ADD CONSTRAINT fk_member_user_account FOREIGN KEY (user_account_id) REFERENCES public.user_account(id);


--
-- Name: taken_order fk_order_address; Type: FK CONSTRAINT; Schema: public; Owner: root
--

ALTER TABLE ONLY public.taken_order
    ADD CONSTRAINT fk_order_address FOREIGN KEY (address_id) REFERENCES public.address(id);


--
-- Name: taken_order fk_order_bill; Type: FK CONSTRAINT; Schema: public; Owner: root
--

ALTER TABLE ONLY public.taken_order
    ADD CONSTRAINT fk_order_bill FOREIGN KEY (bill_id) REFERENCES public.bill(id);


--
-- Name: taken_order fk_order_member; Type: FK CONSTRAINT; Schema: public; Owner: root
--

ALTER TABLE ONLY public.taken_order
    ADD CONSTRAINT fk_order_member FOREIGN KEY (member_id) REFERENCES public.member(id);


--
-- Name: taken_order fk_order_pizzeria; Type: FK CONSTRAINT; Schema: public; Owner: root
--

ALTER TABLE ONLY public.taken_order
    ADD CONSTRAINT fk_order_pizzeria FOREIGN KEY (pizzeria_id) REFERENCES public.pizzeria(id);


--
-- Name: taken_order fk_order_status; Type: FK CONSTRAINT; Schema: public; Owner: root
--

ALTER TABLE ONLY public.taken_order
    ADD CONSTRAINT fk_order_status FOREIGN KEY (status_id) REFERENCES public.order_status(id);


--
-- Name: pizzeria fk_pizzeria_address; Type: FK CONSTRAINT; Schema: public; Owner: root
--

ALTER TABLE ONLY public.pizzeria
    ADD CONSTRAINT fk_pizzeria_address FOREIGN KEY (address_id) REFERENCES public.address(id);


--
-- Name: user_account fk_user_account_member; Type: FK CONSTRAINT; Schema: public; Owner: root
--

ALTER TABLE ONLY public.user_account
    ADD CONSTRAINT fk_user_account_member FOREIGN KEY (member_id) REFERENCES public.member(id);


--
-- Name: has_keyword has_keyword_item_id_fkey; Type: FK CONSTRAINT; Schema: public; Owner: root
--

ALTER TABLE ONLY public.has_keyword
    ADD CONSTRAINT has_keyword_item_id_fkey FOREIGN KEY (item_id) REFERENCES public.catalog_item(id);


--
-- Name: has_keyword has_keyword_keyword_id_fkey; Type: FK CONSTRAINT; Schema: public; Owner: root
--

ALTER TABLE ONLY public.has_keyword
    ADD CONSTRAINT has_keyword_keyword_id_fkey FOREIGN KEY (keyword_id) REFERENCES public.keyword(id);


--
-- Name: has_permission_to has_permission_to_permission_id_fkey; Type: FK CONSTRAINT; Schema: public; Owner: root
--

ALTER TABLE ONLY public.has_permission_to
    ADD CONSTRAINT has_permission_to_permission_id_fkey FOREIGN KEY (permission_id) REFERENCES public.permission(id);


--
-- Name: has_permission_to has_permission_to_role_id_fkey; Type: FK CONSTRAINT; Schema: public; Owner: root
--

ALTER TABLE ONLY public.has_permission_to
    ADD CONSTRAINT has_permission_to_role_id_fkey FOREIGN KEY (role_id) REFERENCES public.role(id);


--
-- Name: has_product_in_stock has_product_in_stock_pizzeria_id_fkey; Type: FK CONSTRAINT; Schema: public; Owner: root
--

ALTER TABLE ONLY public.has_product_in_stock
    ADD CONSTRAINT has_product_in_stock_pizzeria_id_fkey FOREIGN KEY (pizzeria_id) REFERENCES public.pizzeria(id);


--
-- Name: has_product_in_stock has_product_in_stock_product_id_fkey; Type: FK CONSTRAINT; Schema: public; Owner: root
--

ALTER TABLE ONLY public.has_product_in_stock
    ADD CONSTRAINT has_product_in_stock_product_id_fkey FOREIGN KEY (product_id) REFERENCES public.product(id);


--
-- Name: requires_product requires_product_product_id_fkey; Type: FK CONSTRAINT; Schema: public; Owner: root
--

ALTER TABLE ONLY public.requires_product
    ADD CONSTRAINT requires_product_product_id_fkey FOREIGN KEY (product_id) REFERENCES public.product(id);


--
-- Name: requires_product requires_product_recipe_id_fkey; Type: FK CONSTRAINT; Schema: public; Owner: root
--

ALTER TABLE ONLY public.requires_product
    ADD CONSTRAINT requires_product_recipe_id_fkey FOREIGN KEY (recipe_id) REFERENCES public.recipe(id);


--
-- Name: SCHEMA public; Type: ACL; Schema: -; Owner: root
--

REVOKE ALL ON SCHEMA public FROM rdsadmin;
REVOKE ALL ON SCHEMA public FROM PUBLIC;
GRANT ALL ON SCHEMA public TO root;
GRANT ALL ON SCHEMA public TO PUBLIC;


--
-- PostgreSQL database dump complete
--

