--
-- PostgreSQL database dump
--

-- Dumped from database version 10.4
-- Dumped by pg_dump version 10.6 (Ubuntu 10.6-0ubuntu0.18.04.1)

SET statement_timeout = 0;
SET lock_timeout = 0;
SET idle_in_transaction_session_timeout = 0;
SET client_encoding = 'UTF8';
SET standard_conforming_strings = on;
SELECT pg_catalog.set_config('search_path', '', false);
SET check_function_bodies = false;
SET client_min_messages = warning;
SET row_security = off;

--
-- Name: plpgsql; Type: EXTENSION; Schema: -; Owner: 
--

CREATE EXTENSION IF NOT EXISTS plpgsql WITH SCHEMA pg_catalog;


--
-- Name: EXTENSION plpgsql; Type: COMMENT; Schema: -; Owner: 
--

COMMENT ON EXTENSION plpgsql IS 'PL/pgSQL procedural language';


SET default_tablespace = '';

SET default_with_oids = false;

--
-- Name: address; Type: TABLE; Schema: public; Owner: root
--

CREATE TABLE public.address (
    id integer NOT NULL,
    street_name text NOT NULL,
    home_number text NOT NULL,
    zip_code text NOT NULL,
    country text
);


ALTER TABLE public.address OWNER TO root;

--
-- Name: address_id_seq; Type: SEQUENCE; Schema: public; Owner: root
--

CREATE SEQUENCE public.address_id_seq
    AS integer
    START WITH 1
    INCREMENT BY 1
    NO MINVALUE
    NO MAXVALUE
    CACHE 1;


ALTER TABLE public.address_id_seq OWNER TO root;

--
-- Name: address_id_seq; Type: SEQUENCE OWNED BY; Schema: public; Owner: root
--

ALTER SEQUENCE public.address_id_seq OWNED BY public.address.id;


--
-- Name: bill; Type: TABLE; Schema: public; Owner: root
--

CREATE TABLE public.bill (
    id integer NOT NULL,
    emission_date date NOT NULL,
    total_amout_ati numeric(5,2) NOT NULL,
    order_id integer NOT NULL
);


ALTER TABLE public.bill OWNER TO root;

--
-- Name: bill_id_seq; Type: SEQUENCE; Schema: public; Owner: root
--

CREATE SEQUENCE public.bill_id_seq
    AS integer
    START WITH 1
    INCREMENT BY 1
    NO MINVALUE
    NO MAXVALUE
    CACHE 1;


ALTER TABLE public.bill_id_seq OWNER TO root;

--
-- Name: bill_id_seq; Type: SEQUENCE OWNED BY; Schema: public; Owner: root
--

ALTER SEQUENCE public.bill_id_seq OWNED BY public.bill.id;


--
-- Name: catalog_item; Type: TABLE; Schema: public; Owner: root
--

CREATE TABLE public.catalog_item (
    id integer NOT NULL,
    name text NOT NULL,
    description text NOT NULL,
    picture_file text,
    unit_price_ati numeric(4,2) NOT NULL,
    is_available boolean DEFAULT false NOT NULL,
    is_displayed boolean DEFAULT false NOT NULL,
    recipe_id integer,
    product_id integer
);


ALTER TABLE public.catalog_item OWNER TO root;

--
-- Name: catalog_item_id_seq; Type: SEQUENCE; Schema: public; Owner: root
--

CREATE SEQUENCE public.catalog_item_id_seq
    AS integer
    START WITH 1
    INCREMENT BY 1
    NO MINVALUE
    NO MAXVALUE
    CACHE 1;


ALTER TABLE public.catalog_item_id_seq OWNER TO root;

--
-- Name: catalog_item_id_seq; Type: SEQUENCE OWNED BY; Schema: public; Owner: root
--

ALTER SEQUENCE public.catalog_item_id_seq OWNED BY public.catalog_item.id;


--
-- Name: contains_item; Type: TABLE; Schema: public; Owner: root
--

CREATE TABLE public.contains_item (
    order_id integer NOT NULL,
    item_id integer NOT NULL,
    quantity integer DEFAULT 1 NOT NULL,
    unit_price_ati numeric(4,2) NOT NULL
);


ALTER TABLE public.contains_item OWNER TO root;

--
-- Name: has_keyword; Type: TABLE; Schema: public; Owner: root
--

CREATE TABLE public.has_keyword (
    item_id integer NOT NULL,
    keyword_id integer NOT NULL
);


ALTER TABLE public.has_keyword OWNER TO root;

--
-- Name: has_permission_to; Type: TABLE; Schema: public; Owner: root
--

CREATE TABLE public.has_permission_to (
    role_id integer NOT NULL,
    permission_id integer NOT NULL
);


ALTER TABLE public.has_permission_to OWNER TO root;

--
-- Name: has_product_in_stock; Type: TABLE; Schema: public; Owner: root
--

CREATE TABLE public.has_product_in_stock (
    pizzeria_id integer NOT NULL,
    product_id integer NOT NULL,
    quantity integer DEFAULT 0 NOT NULL
);


ALTER TABLE public.has_product_in_stock OWNER TO root;

--
-- Name: keyword; Type: TABLE; Schema: public; Owner: root
--

CREATE TABLE public.keyword (
    id integer NOT NULL,
    name text NOT NULL
);


ALTER TABLE public.keyword OWNER TO root;

--
-- Name: keyword_id_seq; Type: SEQUENCE; Schema: public; Owner: root
--

CREATE SEQUENCE public.keyword_id_seq
    AS integer
    START WITH 1
    INCREMENT BY 1
    NO MINVALUE
    NO MAXVALUE
    CACHE 1;


ALTER TABLE public.keyword_id_seq OWNER TO root;

--
-- Name: keyword_id_seq; Type: SEQUENCE OWNED BY; Schema: public; Owner: root
--

ALTER SEQUENCE public.keyword_id_seq OWNED BY public.keyword.id;


--
-- Name: member; Type: TABLE; Schema: public; Owner: root
--

CREATE TABLE public.member (
    id integer NOT NULL,
    name text NOT NULL,
    firstname text NOT NULL,
    works_at_pizzeria_id integer,
    user_account_id integer,
    address_id integer NOT NULL,
    role_id integer
);


ALTER TABLE public.member OWNER TO root;

--
-- Name: member_id_seq; Type: SEQUENCE; Schema: public; Owner: root
--

CREATE SEQUENCE public.member_id_seq
    AS integer
    START WITH 1
    INCREMENT BY 1
    NO MINVALUE
    NO MAXVALUE
    CACHE 1;


ALTER TABLE public.member_id_seq OWNER TO root;

--
-- Name: member_id_seq; Type: SEQUENCE OWNED BY; Schema: public; Owner: root
--

ALTER SEQUENCE public.member_id_seq OWNED BY public.member.id;


--
-- Name: order_status; Type: TABLE; Schema: public; Owner: root
--

CREATE TABLE public.order_status (
    id integer NOT NULL,
    label text NOT NULL
);


ALTER TABLE public.order_status OWNER TO root;

--
-- Name: order_status_id_seq; Type: SEQUENCE; Schema: public; Owner: root
--

CREATE SEQUENCE public.order_status_id_seq
    AS integer
    START WITH 1
    INCREMENT BY 1
    NO MINVALUE
    NO MAXVALUE
    CACHE 1;


ALTER TABLE public.order_status_id_seq OWNER TO root;

--
-- Name: order_status_id_seq; Type: SEQUENCE OWNED BY; Schema: public; Owner: root
--

ALTER SEQUENCE public.order_status_id_seq OWNED BY public.order_status.id;


--
-- Name: permission; Type: TABLE; Schema: public; Owner: root
--

CREATE TABLE public.permission (
    id integer NOT NULL,
    label text NOT NULL
);


ALTER TABLE public.permission OWNER TO root;

--
-- Name: permission_id_seq; Type: SEQUENCE; Schema: public; Owner: root
--

CREATE SEQUENCE public.permission_id_seq
    AS integer
    START WITH 1
    INCREMENT BY 1
    NO MINVALUE
    NO MAXVALUE
    CACHE 1;


ALTER TABLE public.permission_id_seq OWNER TO root;

--
-- Name: permission_id_seq; Type: SEQUENCE OWNED BY; Schema: public; Owner: root
--

ALTER SEQUENCE public.permission_id_seq OWNED BY public.permission.id;


--
-- Name: pizzeria; Type: TABLE; Schema: public; Owner: root
--

CREATE TABLE public.pizzeria (
    id integer NOT NULL,
    name text,
    phone_nb text NOT NULL,
    address_id integer NOT NULL
);


ALTER TABLE public.pizzeria OWNER TO root;

--
-- Name: pizzeria_id_seq; Type: SEQUENCE; Schema: public; Owner: root
--

CREATE SEQUENCE public.pizzeria_id_seq
    AS integer
    START WITH 1
    INCREMENT BY 1
    NO MINVALUE
    NO MAXVALUE
    CACHE 1;


ALTER TABLE public.pizzeria_id_seq OWNER TO root;

--
-- Name: pizzeria_id_seq; Type: SEQUENCE OWNED BY; Schema: public; Owner: root
--

ALTER SEQUENCE public.pizzeria_id_seq OWNED BY public.pizzeria.id;


--
-- Name: product; Type: TABLE; Schema: public; Owner: root
--

CREATE TABLE public.product (
    id integer NOT NULL,
    name text NOT NULL,
    barcode text NOT NULL,
    gram_weight integer NOT NULL,
    unit_price_ati numeric(4,2) NOT NULL
);


ALTER TABLE public.product OWNER TO root;

--
-- Name: product_id_seq; Type: SEQUENCE; Schema: public; Owner: root
--

CREATE SEQUENCE public.product_id_seq
    AS integer
    START WITH 1
    INCREMENT BY 1
    NO MINVALUE
    NO MAXVALUE
    CACHE 1;


ALTER TABLE public.product_id_seq OWNER TO root;

--
-- Name: product_id_seq; Type: SEQUENCE OWNED BY; Schema: public; Owner: root
--

ALTER SEQUENCE public.product_id_seq OWNED BY public.product.id;


--
-- Name: recipe; Type: TABLE; Schema: public; Owner: root
--

CREATE TABLE public.recipe (
    id integer NOT NULL,
    name text NOT NULL,
    is_public boolean DEFAULT false,
    description text NOT NULL
);


ALTER TABLE public.recipe OWNER TO root;

--
-- Name: recipe_id_seq; Type: SEQUENCE; Schema: public; Owner: root
--

CREATE SEQUENCE public.recipe_id_seq
    AS integer
    START WITH 1
    INCREMENT BY 1
    NO MINVALUE
    NO MAXVALUE
    CACHE 1;


ALTER TABLE public.recipe_id_seq OWNER TO root;

--
-- Name: recipe_id_seq; Type: SEQUENCE OWNED BY; Schema: public; Owner: root
--

ALTER SEQUENCE public.recipe_id_seq OWNED BY public.recipe.id;


--
-- Name: requires_product; Type: TABLE; Schema: public; Owner: root
--

CREATE TABLE public.requires_product (
    recipe_id integer NOT NULL,
    product_id integer NOT NULL,
    gram_amount integer NOT NULL
);


ALTER TABLE public.requires_product OWNER TO root;

--
-- Name: role; Type: TABLE; Schema: public; Owner: root
--

CREATE TABLE public.role (
    id integer NOT NULL,
    name text NOT NULL
);


ALTER TABLE public.role OWNER TO root;

--
-- Name: role_id_seq; Type: SEQUENCE; Schema: public; Owner: root
--

CREATE SEQUENCE public.role_id_seq
    AS integer
    START WITH 1
    INCREMENT BY 1
    NO MINVALUE
    NO MAXVALUE
    CACHE 1;


ALTER TABLE public.role_id_seq OWNER TO root;

--
-- Name: role_id_seq; Type: SEQUENCE OWNED BY; Schema: public; Owner: root
--

ALTER SEQUENCE public.role_id_seq OWNED BY public.role.id;


--
-- Name: taken_order; Type: TABLE; Schema: public; Owner: root
--

CREATE TABLE public.taken_order (
    id integer NOT NULL,
    member_id integer NOT NULL,
    address_id integer NOT NULL,
    pizzeria_id integer NOT NULL,
    bill_id integer,
    status_id integer NOT NULL,
    is_paid boolean DEFAULT false NOT NULL
);


ALTER TABLE public.taken_order OWNER TO root;

--
-- Name: taken_order_id_seq; Type: SEQUENCE; Schema: public; Owner: root
--

CREATE SEQUENCE public.taken_order_id_seq
    AS integer
    START WITH 1
    INCREMENT BY 1
    NO MINVALUE
    NO MAXVALUE
    CACHE 1;


ALTER TABLE public.taken_order_id_seq OWNER TO root;

--
-- Name: taken_order_id_seq; Type: SEQUENCE OWNED BY; Schema: public; Owner: root
--

ALTER SEQUENCE public.taken_order_id_seq OWNED BY public.taken_order.id;


--
-- Name: user_account; Type: TABLE; Schema: public; Owner: root
--

CREATE TABLE public.user_account (
    id integer NOT NULL,
    member_id integer NOT NULL,
    email text NOT NULL,
    phone_nb text,
    hashed_pwd text NOT NULL
);


ALTER TABLE public.user_account OWNER TO root;

--
-- Name: user_account_id_seq; Type: SEQUENCE; Schema: public; Owner: root
--

CREATE SEQUENCE public.user_account_id_seq
    AS integer
    START WITH 1
    INCREMENT BY 1
    NO MINVALUE
    NO MAXVALUE
    CACHE 1;


ALTER TABLE public.user_account_id_seq OWNER TO root;

--
-- Name: user_account_id_seq; Type: SEQUENCE OWNED BY; Schema: public; Owner: root
--

ALTER SEQUENCE public.user_account_id_seq OWNED BY public.user_account.id;


--
-- Name: address id; Type: DEFAULT; Schema: public; Owner: root
--

ALTER TABLE ONLY public.address ALTER COLUMN id SET DEFAULT nextval('public.address_id_seq'::regclass);


--
-- Name: bill id; Type: DEFAULT; Schema: public; Owner: root
--

ALTER TABLE ONLY public.bill ALTER COLUMN id SET DEFAULT nextval('public.bill_id_seq'::regclass);


--
-- Name: catalog_item id; Type: DEFAULT; Schema: public; Owner: root
--

ALTER TABLE ONLY public.catalog_item ALTER COLUMN id SET DEFAULT nextval('public.catalog_item_id_seq'::regclass);


--
-- Name: keyword id; Type: DEFAULT; Schema: public; Owner: root
--

ALTER TABLE ONLY public.keyword ALTER COLUMN id SET DEFAULT nextval('public.keyword_id_seq'::regclass);


--
-- Name: member id; Type: DEFAULT; Schema: public; Owner: root
--

ALTER TABLE ONLY public.member ALTER COLUMN id SET DEFAULT nextval('public.member_id_seq'::regclass);


--
-- Name: order_status id; Type: DEFAULT; Schema: public; Owner: root
--

ALTER TABLE ONLY public.order_status ALTER COLUMN id SET DEFAULT nextval('public.order_status_id_seq'::regclass);


--
-- Name: permission id; Type: DEFAULT; Schema: public; Owner: root
--

ALTER TABLE ONLY public.permission ALTER COLUMN id SET DEFAULT nextval('public.permission_id_seq'::regclass);


--
-- Name: pizzeria id; Type: DEFAULT; Schema: public; Owner: root
--

ALTER TABLE ONLY public.pizzeria ALTER COLUMN id SET DEFAULT nextval('public.pizzeria_id_seq'::regclass);


--
-- Name: product id; Type: DEFAULT; Schema: public; Owner: root
--

ALTER TABLE ONLY public.product ALTER COLUMN id SET DEFAULT nextval('public.product_id_seq'::regclass);


--
-- Name: recipe id; Type: DEFAULT; Schema: public; Owner: root
--

ALTER TABLE ONLY public.recipe ALTER COLUMN id SET DEFAULT nextval('public.recipe_id_seq'::regclass);


--
-- Name: role id; Type: DEFAULT; Schema: public; Owner: root
--

ALTER TABLE ONLY public.role ALTER COLUMN id SET DEFAULT nextval('public.role_id_seq'::regclass);


--
-- Name: taken_order id; Type: DEFAULT; Schema: public; Owner: root
--

ALTER TABLE ONLY public.taken_order ALTER COLUMN id SET DEFAULT nextval('public.taken_order_id_seq'::regclass);


--
-- Name: user_account id; Type: DEFAULT; Schema: public; Owner: root
--

ALTER TABLE ONLY public.user_account ALTER COLUMN id SET DEFAULT nextval('public.user_account_id_seq'::regclass);


--
-- Data for Name: address; Type: TABLE DATA; Schema: public; Owner: root
--

COPY public.address (id, street_name, home_number, zip_code, country) FROM stdin;
1	Boulevard Nicole Gautier	52	44510	France
2	Avenue De Pages	6	77601	France
3	Rue Masse	54	64127	France
4	chemin Danielle Colas	101	52600	France
5	Rue De Laurent	6	67556	France
6	rue Gregoire	266	50129	France
7	rue Thierry Bodin	71	93125	France
8	Rue Guilbert	14	40257	France
9	rue de Marion	442	38846	France
10	Chemin De Marchal	72	55257	France
11	boulevard Henriette Girard	83	11880	France
12	Boulevard De Gay	1	78765	France
13	Rue Anouk Monnier	56	04146	France
14	Chemin De Thomas	79	60673	France
15	Rue Allard	52	89774	France
16	rue de Le Goff	77	31699	France
17	Chemin Julien Fontaine	758	49724	France
18	boulevard de Rossi	62	20358	France
19	Boulevard Delannoy	100	37094	France
20	Avenue Marcel Devaux	39	91555	France
21	rue de Toussaint	492	65056	France
22	Chemin Moreno	98	38868	France
23	Chemin Charles Humbert	2	74931	France
24	Boulevard Humbert	657	12492	France
25	Avenue Moulin	98	82985	France
26	Rue Inès Godard	175	31423	France
27	Chemin De Leveque	15	44206	France
28	Rue Renault	5	14680	France
29	Avenue Victor Giraud	50	16328	France
30	Rue Christelle Marechal	65	94210	France
31	Boulevard Faivre	3	13575	France
32	Rue De Etienne	48	10216	France
33	Avenue Mendes	25	37554	France
34	Avenue Marie	735	67068	France
35	Avenue Zacharie Marchal	72	56438	France
36	Rue Leger	4	45054	France
37	Chemin Grondin	1	29281	France
38	Avenue Bonnet	66	32048	France
39	Rue De Auger	75	77577	France
40	Chemin Allain	14	81467	France
41	rue Martins	65	98799	France
42	Avenue De Bazin	69	48726	France
43	Avenue Techer	50	98595	France
44	Rue De Schneider	19	51990	France
45	Rue Noël Lecomte	48	94600	France
46	rue de Schmitt	12	38122	France
47	Boulevard Nicolas	97	62679	France
48	Rue Philippe	588	45512	France
49	Boulevard Céline Pelletier	31	08054	France
50	Rue Letellier	356	79433	France
51	Avenue Odette Vidal	4	56708	France
52	Rue De Valette	54	66227	France
53	Avenue Blondel	1	42872	France
54	Rue Thomas	47	75167	France
55	Rue Dupuy	30	80004	France
56	Rue Vasseur	50	90581	France
57	boulevard de Arnaud	18	05286	France
58	Chemin Neveu	9	26383	France
59	rue Françoise Colas	25	99724	France
60	rue Samson	474	14516	France
61	Chemin De Maurice	727	10079	France
62	Avenue De Mahe	6	45559	France
63	Rue Mercier	72	94147	France
64	Rue Vincent	2	38609	France
65	Chemin Gerard	315	72282	France
66	Chemin De Martineau	82	15176	France
67	Chemin Corinne Mace	34	81970	France
68	Chemin De Lejeune	60	19751	France
69	Avenue Fouquet	22	51981	France
70	Rue Susanne Leveque	5	30377	France
71	Chemin De Daniel	73	60243	France
72	Avenue Alexandria Ollivier	68	11477	France
73	Avenue De Dijoux	54	83838	France
74	Chemin Noémi Leclerc	53	61936	France
75	boulevard de Roy	6	78248	France
76	Rue Dominique Monnier	54	69621	France
77	Chemin Anouk Leroux	9	97783	France
78	Chemin De Tanguy	58	84291	France
79	Rue Paulette Julien	59	98219	France
80	Avenue Hortense Auger	949	76947	France
81	Rue Alves	573	93741	France
82	Rue Guilbert	4	82235	France
83	Avenue Herve	70	27015	France
84	Rue Susan Pruvost	57	49551	France
85	Rue Lamy	272	92176	France
86	Rue Maurice	9	76607	France
87	Avenue Albert	488	82745	France
88	Boulevard De Besson	98	50965	France
89	Avenue De Bodin	50	71389	France
90	Avenue De Verdier	9	75378	France
91	Rue Pascal	86	26597	France
92	Boulevard David Besson	95	21531	France
93	Chemin De Pruvost	88	05298	France
94	avenue Lemaire	12	47028	France
95	Avenue Cohen	87	51470	France
96	Boulevard Picard	48	95006	France
97	Rue Schmitt	8	51430	France
98	Avenue Étienne Launay	35	51998	France
99	Chemin Da Costa	8	90889	France
100	Avenue Jean Lebon	14	12466	France
101	Boulevard Nathalie Rossi	83	18506	France
102	Rue De Roy	51	23234	France
103	Rue De Richard	75	84337	France
104	Rue Garnier	74	60936	France
105	Rue Devaux	991	99966	France
106	Chemin Isaac Le Roux	60	90341	France
107	Rue Jacques	110	71159	France
108	rue de Guerin	87	31869	France
109	Boulevard Frédéric Grondin	77	37627	France
110	Boulevard De Renaud	350	72499	France
111	Rue Gilles Clerc	47	54320	France
112	Avenue Schmitt	2	28443	France
113	Avenue Adrien Moreno	90	91611	France
114	Chemin Wagner	7	85844	France
115	Rue De Grenier	9	30948	France
116	rue Marion	60	40686	France
117	Avenue Olivier Paris	49	17585	France
118	chemin Pages	856	59807	France
119	Chemin Frédéric Brunet	52	46822	France
120	Boulevard De Besson	211	91989	France
121	Rue Barthelemy	47	14382	France
122	Rue Philippe Charles	391	39047	France
123	Rue Philippine Marin	18	98376	France
124	Avenue Durand	5	05411	France
125	Boulevard De Schneider	388	32389	France
126	Chemin Hoarau	13	77423	France
127	Rue Denis Gautier	422	72596	France
128	Rue Jacques Marques	1	08563	France
129	Rue Lucy Raynaud	41	14427	France
130	Boulevard De Devaux	21	05444	France
131	Boulevard Pottier	71	67961	France
132	Boulevard Denis	97	28806	France
133	Chemin De Jacob	778	15853	France
134	rue François Verdier	178	73905	France
135	Chemin Brun	4	45919	France
136	avenue Nathalie Couturier	467	84989	France
137	chemin Pascal	20	81071	France
138	Avenue Victor Pereira	8	32135	France
139	Avenue Pauline Grenier	605	24855	France
140	Rue Margot Pierre	88	73346	France
141	Chemin Jacques	5	64569	France
142	rue Salmon	65	61252	France
143	chemin de Charpentier	7	34462	France
144	Chemin Dumas	99	21786	France
145	Avenue Jeannine Grenier	96	87116	France
146	Rue Nicolas Faure	7	07100	France
147	Rue Thomas Laporte	25	41508	France
148	Chemin Roger	82	51590	France
149	Avenue Humbert	23	13614	France
150	avenue de Barthelemy	39	78838	France
151	Rue Jérôme Mercier	43	21564	France
152	chemin Lemonnier	5	35209	France
153	Avenue De Marchand	3	06268	France
154	Rue Martins	12	55307	France
155	Rue Augustin Evrard	754	75753	France
156	Boulevard De Aubert	99	54690	France
157	Avenue Léon Perrier	9	22835	France
158	Rue De Marques	583	79916	France
159	Boulevard De Caron	9	42785	France
160	Rue Moreau	97	81577	France
161	boulevard Regnier	87	36085	France
162	Rue Martine Chauveau	860	13015	France
163	Rue Laure Nguyen	53	98043	France
164	Chemin Arnaud	40	92899	France
165	Rue Daisy Baudry	90	34400	France
166	Avenue De Gimenez	25	15812	France
167	Avenue Valentine Perez	112	63025	France
168	Rue Joly	467	26978	France
169	Avenue De Guerin	109	93387	France
170	Avenue De Benoit	43	21021	France
171	boulevard Levy	14	41509	France
172	Boulevard Guillot	3	69827	France
173	Rue Zacharie Colin	18	88443	France
174	Chemin De Roche	89	47294	France
175	Rue Laine	375	50387	France
176	Avenue Catherine Joseph	21	72785	France
177	Chemin Auguste Lemaitre	91	72332	France
178	Rue De Girard	288	25366	France
179	Avenue Sanchez	5	93597	France
180	Chemin Alexandre Lecomte	43	02491	France
181	Chemin Vincent Fleury	10	91624	France
182	boulevard Allain	46	64614	France
183	Boulevard Arnaud	157	67410	France
184	Chemin Guillaume Renault	12	02410	France
185	Avenue Zoé Tessier	4	28114	France
186	chemin Vasseur	72	99413	France
187	Rue Julien Guerin	86	03461	France
188	rue de Fontaine	815	78224	France
189	Chemin Francois	1	17281	France
190	Rue Munoz	36	98303	France
191	Avenue Susan Pruvost	76	42550	France
192	Boulevard De Oliveira	6	32485	France
193	Avenue Giraud	27	06447	France
194	Rue Tessier	407	56854	France
195	avenue Pages	23	52644	France
196	Rue Grondin	68	07889	France
197	Boulevard Céline Boulanger	18	70764	France
198	Avenue De Guyot	2	50393	France
199	Chemin Turpin	6	10490	France
200	chemin Leger	26	81890	France
201	Avenue Raynaud	406	83945	France
202	Rue De Delannoy	27	26784	France
203	Rue Bouchet	11	40206	France
204	Rue De Robin	78	36732	France
205	Boulevard Dominique Fouquet	54	12545	France
206	Avenue De Sauvage	22	34265	France
207	Avenue Sabine Peltier	9	59307	France
208	Rue Muller	802	16929	France
209	Rue De Berger	422	21339	France
210	Boulevard De Colin	3	09712	France
211	Chemin Morvan	77	68564	France
212	Boulevard Maury	136	16140	France
213	Avenue De Renaud	73	48950	France
214	chemin de Martinez	5	27635	France
215	Rue De Deschamps	961	72147	France
216	boulevard Perret	805	35517	France
217	Chemin Caroline Baron	78	31371	France
218	Rue Julie Germain	65	79111	France
219	chemin Ledoux	45	48965	France
220	Avenue De Martin	81	96316	France
221	Rue De Pottier	75	83759	France
222	Rue Parent	78	63549	France
223	Boulevard De Blanchard	94	39807	France
224	Rue De Descamps	8	66874	France
225	Avenue De Giraud	1	15658	France
226	Rue Corinne Jacquet	7	79543	France
227	Rue Lefevre	5	18983	France
228	Rue Huet	582	93980	France
229	Avenue Ollivier	84	05732	France
230	Rue De Didier	92	59125	France
231	chemin Jacques Gilles	14	67424	France
232	Rue Madeleine Gaillard	10	14556	France
233	Boulevard De Cousin	3	04019	France
234	Rue De Grenier	39	53255	France
235	Chemin Adam	78	64402	France
236	Chemin Colette Fouquet	93	73595	France
237	boulevard Anne Hamon	5	20751	France
238	Avenue Pelletier	24	51165	France
239	Boulevard Chevalier	59	68932	France
240	rue Nath Mace	53	11397	France
241	Boulevard Thierry	66	91765	France
242	Boulevard Paulette Guyon	67	83902	France
243	Rue Bouchet	56	55209	France
244	Avenue De Vincent	19	38503	France
245	Rue De Meunier	67	67858	France
246	Rue De Carpentier	41	40388	France
247	Rue Charlotte Pascal	585	37449	France
248	Chemin Alix Monnier	614	92081	France
249	Rue Lemaitre	8	69463	France
250	Chemin Emmanuel Robert	830	57931	France
\.


--
-- Data for Name: bill; Type: TABLE DATA; Schema: public; Owner: root
--

COPY public.bill (id, emission_date, total_amout_ati, order_id) FROM stdin;
1	2017-03-16	52.44	1
2	2011-11-30	76.56	2
3	2018-12-11	13.40	3
4	2017-01-07	96.63	4
5	2010-03-29	73.30	5
6	2017-07-12	92.00	6
7	2011-03-07	0.53	7
8	2017-04-13	64.89	8
9	2018-01-03	51.49	9
10	2018-10-03	15.51	10
11	2013-07-17	24.29	11
12	2015-10-27	64.68	12
13	2015-07-03	10.82	13
14	2011-04-17	66.11	14
15	2011-04-12	54.63	15
16	2018-06-12	60.70	16
17	2013-03-21	24.85	17
18	2017-02-01	38.25	18
19	2012-02-21	0.67	19
20	2018-12-07	7.64	20
21	2017-03-11	62.93	21
22	2013-03-25	55.73	22
23	2014-09-23	5.63	23
24	2012-03-22	38.11	24
25	2010-09-15	76.80	25
26	2010-06-13	58.16	26
27	2014-07-12	74.90	27
28	2017-01-31	55.33	28
29	2012-04-28	0.42	29
30	2015-06-21	77.90	30
31	2015-02-15	81.00	31
32	2010-04-15	75.11	32
33	2011-12-14	3.93	33
34	2015-06-01	86.72	34
35	2012-12-13	96.55	35
36	2011-11-18	91.42	36
37	2016-02-16	11.10	37
38	2017-10-10	16.30	38
39	2017-06-21	16.21	39
40	2016-10-10	10.16	40
41	2016-01-15	9.65	41
42	2014-05-14	73.69	42
43	2016-09-19	29.21	43
44	2017-09-07	52.58	44
45	2018-01-06	21.13	45
46	2017-03-26	88.24	46
47	2011-05-16	75.20	47
48	2013-09-11	84.82	48
49	2018-01-13	24.59	49
50	2016-01-31	38.51	50
51	2014-05-21	42.73	51
52	2014-04-07	0.81	52
53	2015-03-21	70.63	53
54	2012-06-14	18.17	54
55	2011-03-11	54.60	55
56	2014-11-08	21.75	56
57	2010-05-26	69.79	57
58	2016-08-25	32.78	58
59	2010-05-18	96.59	59
60	2010-08-20	58.35	60
61	2010-08-02	54.42	61
62	2016-05-04	83.42	62
63	2011-03-09	14.73	63
64	2011-12-15	3.18	64
65	2010-12-14	47.91	65
66	2010-03-05	22.53	66
67	2017-12-18	46.28	67
68	2012-02-15	40.40	68
69	2011-06-21	65.37	69
70	2018-09-02	74.66	70
71	2012-12-12	6.74	71
72	2012-06-05	62.22	72
73	2017-05-24	56.48	73
74	2010-09-06	42.32	74
75	2012-09-01	73.36	75
76	2016-11-20	16.16	76
77	2016-10-05	19.42	77
78	2018-09-10	65.57	78
79	2017-12-16	55.53	79
80	2017-05-20	7.58	80
81	2011-11-25	16.44	81
82	2012-08-27	0.30	82
83	2014-02-25	33.91	83
84	2010-11-01	14.94	84
85	2010-03-12	34.81	85
86	2012-02-05	79.80	86
87	2012-06-03	73.34	87
88	2012-05-25	61.31	88
89	2014-06-13	79.21	89
90	2012-07-15	29.52	90
91	2013-08-05	63.83	91
92	2017-12-20	17.82	92
93	2010-08-07	63.66	93
94	2011-08-15	52.74	94
95	2012-08-15	64.12	95
96	2011-11-17	69.96	96
97	2018-06-09	92.26	97
98	2012-06-12	89.28	98
99	2014-02-22	91.95	99
100	2011-05-02	48.35	100
101	2018-02-10	66.13	101
102	2016-02-23	0.42	102
103	2011-07-28	80.69	103
104	2013-03-02	15.25	104
105	2013-08-24	12.93	105
106	2014-03-16	88.90	106
107	2018-07-13	13.83	107
108	2010-06-26	13.50	108
109	2015-03-13	66.46	109
110	2017-07-01	39.00	110
111	2016-05-09	73.20	111
112	2016-06-12	40.19	112
113	2018-03-28	59.94	113
114	2014-12-27	44.60	114
115	2017-03-02	42.60	115
116	2012-11-07	60.17	116
117	2016-03-09	41.94	117
118	2010-08-14	11.37	118
119	2014-02-14	70.26	119
120	2018-04-01	24.40	120
121	2016-03-12	6.10	121
122	2017-01-10	67.96	122
123	2012-02-01	27.23	123
124	2014-03-21	65.72	124
125	2012-10-11	11.41	125
126	2010-04-15	35.72	126
127	2013-05-01	20.25	127
128	2010-03-22	4.42	128
129	2016-04-20	65.76	129
130	2018-05-13	0.97	130
131	2015-02-25	2.70	131
132	2014-04-12	3.60	132
133	2014-05-03	67.40	133
134	2018-06-27	9.27	134
135	2011-08-21	97.36	135
136	2012-08-11	21.20	136
137	2011-05-18	34.00	137
138	2017-11-28	19.35	138
139	2013-02-14	81.43	139
140	2014-12-30	85.51	140
141	2018-10-08	3.39	141
142	2016-02-23	56.16	142
143	2017-02-04	26.88	143
144	2014-04-29	31.91	144
145	2018-09-06	73.56	145
146	2012-06-20	9.22	146
147	2015-11-26	8.30	147
148	2013-10-22	88.78	148
149	2014-03-24	44.51	149
150	2013-09-12	39.42	150
151	2010-02-23	87.42	151
152	2016-04-06	25.67	152
153	2014-03-16	25.94	153
154	2015-04-25	87.60	154
155	2017-10-11	92.61	155
156	2015-11-05	54.64	156
157	2016-07-18	61.33	157
158	2011-04-19	90.77	158
159	2014-02-27	32.48	159
160	2010-05-06	94.45	160
161	2012-03-04	42.41	161
162	2013-03-09	77.57	162
163	2014-02-26	56.69	163
164	2018-10-09	13.64	164
165	2017-03-31	53.17	165
166	2012-04-07	86.67	166
167	2018-02-28	69.28	167
168	2018-03-25	71.31	168
169	2012-10-12	60.39	169
170	2013-11-26	54.43	170
171	2011-05-03	39.97	171
172	2012-03-01	26.49	172
173	2011-03-29	31.52	173
174	2011-08-08	58.68	174
175	2015-05-07	14.65	175
176	2012-10-15	66.36	176
177	2018-10-14	98.56	177
178	2013-03-24	1.42	178
179	2016-08-26	93.38	179
180	2018-12-02	26.25	180
181	2018-12-14	39.27	181
182	2016-06-05	14.46	182
183	2013-02-15	8.79	183
184	2016-09-18	73.67	184
185	2017-09-14	68.75	185
186	2012-01-13	53.23	186
187	2013-06-24	39.40	187
188	2011-11-06	17.10	188
189	2012-02-03	56.80	189
190	2011-10-12	63.39	190
191	2011-02-27	69.32	191
192	2010-02-23	48.89	192
193	2010-12-18	33.31	193
194	2011-08-23	52.35	194
195	2016-11-27	22.66	195
196	2014-10-14	8.20	196
197	2018-05-13	76.12	197
198	2011-05-26	43.73	198
199	2011-05-25	6.99	199
200	2016-09-10	81.99	200
201	2015-12-15	92.38	201
202	2012-12-07	68.62	202
203	2010-02-20	19.00	203
204	2014-06-13	45.67	204
205	2012-09-30	82.17	205
206	2014-08-30	63.25	206
207	2014-03-31	43.46	207
208	2018-11-28	90.68	208
209	2018-01-31	48.95	209
210	2012-09-10	14.52	210
211	2016-03-11	52.30	211
212	2011-03-03	83.13	212
213	2011-11-16	17.61	213
214	2017-01-18	24.48	214
215	2010-04-22	22.88	215
216	2014-09-24	11.84	216
217	2010-05-06	54.20	217
218	2014-04-05	48.14	218
219	2015-11-26	36.20	219
220	2018-12-18	35.85	220
221	2012-05-13	88.10	221
222	2011-06-03	5.20	222
223	2014-04-14	53.52	223
224	2015-04-28	89.27	224
225	2016-11-01	48.37	225
226	2014-03-06	2.17	226
227	2010-07-04	23.93	227
228	2010-11-26	52.52	228
229	2016-03-30	54.23	229
230	2018-08-24	43.32	230
231	2017-01-16	79.75	231
232	2017-12-02	20.63	232
233	2018-02-28	80.31	233
234	2011-07-25	40.30	234
235	2013-08-10	4.15	235
236	2016-12-15	85.87	236
237	2012-08-10	47.50	237
238	2015-09-13	8.22	238
239	2017-09-30	65.58	239
240	2011-01-27	15.80	240
241	2016-10-22	90.37	241
242	2010-01-22	17.79	242
243	2016-06-08	70.49	243
244	2018-01-16	96.58	244
245	2016-06-29	73.89	245
246	2015-06-15	46.10	246
247	2010-07-16	22.60	247
248	2013-03-28	63.70	248
249	2013-04-08	88.79	249
250	2018-12-30	26.40	250
\.


--
-- Data for Name: catalog_item; Type: TABLE DATA; Schema: public; Owner: root
--

COPY public.catalog_item (id, name, description, picture_file, unit_price_ati, is_available, is_displayed, recipe_id, product_id) FROM stdin;
1	Spaghetti bolognaise	{"Glace rapidement ministre souvent rideau façon afin de.","Garçon témoin ancien foule.","Joie branche échapper bas comment décrire."}	qualité.jpg	21.64	f	f	1	\N
2	Pizza regina	{"Brusquement rien terreur maladie.","Prière semaine car importer exemple demander détruire respect.","Somme au prévenir train comme."}	terme.jpg	63.88	f	t	2	\N
3	Pizza calzone	{"Charge du que éteindre intérieur autre tenir entrer.","Projet grâce respect appartement séparer.","Quatre descendre interroger."}	différent.jpg	68.10	f	f	3	\N
4	Pizza quatre saisons	{"Eh conseil recommencer mince souvenir rassurer mais plein.","Immense ruine et offrir chant absolu rouge.","Fois chasser partager cour gauche supporter personnage."}	pousser.jpg	70.67	f	t	4	\N
5	Pizza de la mer	{"Réclamer éprouver race bas fin bête.","Système écraser début loi sou gagner dos.","Remettre toi quinze souffler."}	gros.jpg	37.57	t	t	5	\N
6	Ravioles au crabe	{"Autrefois page confier rose retrouver.","Champ à an forme long.","Transformer être soulever coucher entretenir noire."}	école.jpg	40.15	f	f	6	\N
7	Tagliatelle au saumon	{"Boire couler grain réflexion plutôt exiger étranger.","Français arbre vite salut drôle réclamer mettre.","Résultat remettre davantage."}	conversation.jpg	51.57	t	f	7	\N
8	Pizza Margarita	{"Suivre ouvert maintenant observer.","Verre conversation riche jaune clair demande.","Larme personne étranger cause secrétaire occasion satisfaire."}	ensemble.jpg	72.65	f	t	8	\N
9	Pizza hawaïenne	{"Avant étonner plutôt jeter fête parole.","Pierre odeur appartement recherche pendant observer mur.","Discuter il échapper."}	cinq.jpg	48.19	t	t	9	\N
10	Pâtes à la carbonara	{"Cour vague volonté se confiance phrase.","Politique aimer résistance moi demain cent poste.","Cuisine subir corde amuser mon lire froid."}	mensonge.jpg	39.20	f	f	10	\N
11	Risotto à la truffe	{"Vite après éprouver sang.","Genou craindre attendre affirmer près fois intention.","Figure lit dresser."}	coucher.jpg	6.88	t	f	11	\N
12	Minestrone	{"Seigneur franc petit titre.","Petit mille choisir signer suivant comment.","Émotion fier endormir en social reconnaître."}	partir.jpg	94.51	t	f	12	\N
13	Linguine aux fruits de mer	{"Position impossible faveur visible neuf.","Somme forêt présent français forêt voler humain.","Route tout aide."}	apparaître.jpg	30.10	f	f	13	\N
14	Pâtes au pesto	{"Horizon demeurer leur rayon retour couvrir.","Bien humain d'autres projet étouffer regretter.","Contenir discuter lui vêtement."}	réclamer.jpg	83.36	f	t	14	\N
15	Lasagne	{"Soi espace nom état caractère début cause.","Avec conversation intérêt capable propos puissant gloire.","Bureau nature drôle couler image affaire vite."}	vérité.jpg	62.17	f	t	15	\N
16	Lasagne végétarienne	{"Tenir envoyer imposer porte tache quitter sourire.","Proposer ordre instant inventer vue dès porter argent.","Noir anglais demi idée mer sous."}	douter.jpg	44.96	t	f	16	\N
17	Raviolis quatre fromages	{"Réveiller construire baisser le.","Imposer atteindre officier source poursuivre âme terre rouler.","Histoire tendre montrer."}	mesure.jpg	24.90	f	t	17	\N
18	Escalope à la milanaise	{"Nouveau accrocher arrivée toit.","Cou prouver fixe humide.","Corps boire fauteuil douze."}	aussi.jpg	9.90	f	t	18	\N
19	Carpaccio de boeuf	{"Dix soin devoir souffler trésor lune.","Prince jeune saint avenir beaux intéresser préparer.","Ce type vide courir lueur proposer."}	oiseau.jpg	88.24	f	t	19	\N
20	Scalopine	{"Pied le pitié trouver détacher campagne soumettre crise.","Secrétaire finir fonction certain chambre énergie.","Étendue ennemi songer intérêt protéger abri été."}	risquer.jpg	45.99	f	t	20	\N
21	Pizza chèvre miel	{"L'Une occuper ami égal seigneur exiger.","Sérieux couper mettre souvent agent.","Sang jamais campagne fumée inutile paix danger."}	surveiller.jpg	82.42	t	f	21	\N
22	Pizza végétarienne	{"Sauver appartement ton parler mais.","Posséder blond signifier guère te absence droit.","Comment commander quoi aile."}	plusieurs.jpg	28.75	f	f	22	\N
23	Pizza napolitaine	{"Venir plaindre étranger hiver conduire partir savoir.","Même retrouver troubler convenir.","Social point affaire type établir."}	poitrine.jpg	51.22	t	f	23	\N
\.


--
-- Data for Name: contains_item; Type: TABLE DATA; Schema: public; Owner: root
--

COPY public.contains_item (order_id, item_id, quantity, unit_price_ati) FROM stdin;
65	21	5	74.27
5	6	10	60.26
198	7	4	48.10
124	6	7	42.18
95	10	7	29.88
176	18	7	68.65
51	11	10	58.49
24	10	4	26.24
207	16	10	50.93
103	8	9	23.73
13	3	9	32.32
178	22	8	68.62
64	13	8	36.12
240	22	9	66.92
82	7	4	64.88
6	18	8	29.48
239	15	6	23.28
86	20	10	69.61
244	8	5	56.83
20	12	2	18.67
157	9	5	37.86
165	5	3	72.54
97	5	7	44.07
176	6	2	15.52
232	4	5	15.46
217	6	7	23.72
209	14	6	12.36
72	3	7	56.53
149	4	5	75.17
37	14	8	63.90
61	16	5	25.66
202	9	6	69.28
129	8	7	17.03
140	23	6	60.83
15	13	4	36.49
198	11	8	52.46
69	16	5	70.84
89	4	3	31.32
231	10	6	13.63
115	18	10	58.49
42	2	3	64.60
24	15	8	24.24
97	16	10	20.62
204	3	3	70.37
146	12	5	67.13
160	20	6	5.05
213	13	1	51.26
156	5	1	79.14
190	16	3	28.54
222	2	4	28.65
221	19	9	69.57
150	8	4	25.30
231	20	7	10.85
92	6	8	49.01
153	9	2	44.25
225	9	8	54.26
12	7	1	67.75
108	18	1	68.13
234	9	3	29.89
25	19	3	65.62
250	14	10	19.74
120	5	8	17.94
241	16	1	27.82
116	15	1	49.95
115	12	3	41.76
248	23	6	62.49
69	6	2	54.41
55	3	8	37.53
131	18	6	67.42
224	22	3	16.48
218	12	8	11.28
110	5	9	13.70
108	9	2	78.09
76	22	6	5.15
217	23	3	66.95
29	14	10	56.08
197	8	3	57.15
174	2	6	21.00
196	21	8	7.83
10	11	8	33.90
46	13	2	42.69
108	10	3	54.59
48	5	5	49.83
114	1	5	24.53
37	13	3	13.69
121	17	7	46.60
65	8	3	23.37
144	23	1	73.20
152	6	10	47.34
20	5	9	26.53
113	4	10	50.38
243	7	5	60.32
118	20	8	27.12
78	5	3	27.61
81	13	7	58.00
250	4	6	42.59
57	23	8	61.94
192	2	2	70.82
82	11	2	40.73
32	2	4	78.06
235	12	9	39.63
198	14	4	45.64
114	6	6	33.55
146	21	10	14.45
154	7	8	8.89
223	11	3	43.88
90	20	1	7.79
5	20	9	53.16
246	3	4	44.50
123	20	8	5.59
147	1	1	75.99
177	13	9	71.33
58	6	10	49.35
61	17	2	10.50
201	22	8	45.85
222	21	1	25.69
184	6	8	54.57
10	4	2	52.82
19	6	8	6.25
80	9	10	76.57
74	7	10	39.75
220	21	9	47.33
200	22	2	34.36
169	18	8	22.87
179	3	9	76.96
90	14	9	52.85
88	18	5	49.15
208	16	3	78.04
247	14	3	55.84
171	2	4	71.10
240	13	10	30.56
106	4	7	10.49
66	10	1	52.51
47	12	5	74.84
197	14	6	30.54
190	18	10	42.55
175	11	10	46.31
187	21	4	19.08
210	18	8	37.89
90	22	1	65.13
16	6	1	32.46
137	21	5	13.82
166	22	8	37.99
63	22	1	44.61
114	5	2	10.49
127	13	7	22.23
105	12	3	69.91
47	1	5	33.10
204	4	2	8.90
217	15	8	45.14
85	4	3	39.00
128	21	10	9.87
89	19	2	51.84
1	4	5	31.01
13	23	6	73.70
13	11	1	28.17
88	10	5	70.31
85	8	9	43.80
37	7	4	15.09
177	6	9	33.87
36	8	3	7.48
94	11	10	20.13
80	1	6	49.98
109	1	6	62.64
75	6	2	47.51
155	18	8	77.11
217	8	2	48.42
219	8	8	40.75
66	9	5	53.95
9	22	6	13.87
46	6	2	9.40
190	20	6	39.97
145	23	9	50.67
61	7	9	24.08
88	17	10	21.43
109	13	4	47.61
240	17	9	22.35
24	12	4	60.36
40	16	1	68.09
76	8	8	74.12
73	17	7	33.17
175	13	10	50.02
115	6	6	32.92
143	15	1	27.92
111	4	2	65.02
159	7	10	63.27
223	1	6	39.37
245	11	10	60.41
78	22	9	67.12
220	13	7	60.02
6	12	9	45.73
64	20	10	66.98
213	8	1	36.27
179	22	10	65.73
200	1	3	25.70
146	14	6	55.12
246	4	9	58.79
236	4	6	55.29
86	16	5	13.73
22	14	7	13.91
238	10	5	75.23
209	4	9	31.80
2	18	5	33.56
113	6	4	64.88
233	21	10	15.16
146	15	9	47.78
217	10	6	31.63
140	4	10	17.53
164	2	8	52.88
89	14	8	69.62
227	15	4	7.95
27	3	1	68.01
107	21	5	61.17
53	18	5	49.05
98	22	10	11.43
93	4	5	36.59
95	15	3	17.11
138	10	8	16.09
10	14	5	45.53
130	12	6	34.20
61	22	6	34.60
117	3	10	16.87
124	22	1	49.68
35	16	4	8.86
158	17	2	64.91
123	3	1	18.16
144	22	9	41.66
121	6	8	55.33
171	18	9	75.73
134	6	2	24.20
61	8	10	28.07
222	18	3	51.28
202	2	2	16.59
69	7	9	47.94
3	3	4	70.96
176	23	9	66.80
183	19	7	54.71
222	23	7	45.08
232	9	6	59.61
\.


--
-- Data for Name: has_keyword; Type: TABLE DATA; Schema: public; Owner: root
--

COPY public.has_keyword (item_id, keyword_id) FROM stdin;
3	27
21	1
3	25
7	22
20	20
2	31
6	28
15	3
9	30
12	26
7	30
2	25
23	1
11	18
17	9
8	26
12	28
12	3
12	18
4	9
23	35
3	35
6	29
17	29
16	14
7	5
17	30
22	13
1	3
21	11
18	33
11	2
4	7
15	30
9	16
22	35
22	17
3	24
5	10
15	33
2	13
21	16
2	10
7	12
3	20
14	16
6	20
16	20
5	16
6	6
19	34
12	22
10	1
13	25
3	5
12	4
9	32
20	13
11	17
1	15
16	16
8	4
23	9
12	6
16	15
23	28
20	18
7	3
7	25
21	34
11	16
20	5
4	5
8	15
15	29
23	5
9	28
16	2
16	1
17	1
20	23
7	6
22	27
2	12
18	25
19	35
4	27
15	27
19	7
1	20
13	14
20	4
13	8
17	35
14	24
13	34
12	2
5	30
1	33
21	25
2	7
20	8
3	18
8	21
7	8
1	19
3	33
18	21
3	6
19	33
21	2
23	23
4	30
12	35
16	31
15	24
14	29
18	27
15	17
18	13
11	26
17	8
5	27
2	23
10	13
16	26
2	35
5	25
1	13
21	12
11	13
23	34
13	9
8	25
1	9
20	1
12	1
12	7
23	17
1	23
6	13
6	10
8	22
22	31
21	27
16	29
2	20
9	25
20	30
23	18
9	17
15	10
15	15
23	3
2	18
7	14
10	20
10	11
15	12
21	29
21	8
23	13
2	22
11	20
4	3
5	18
20	27
16	4
4	23
20	31
21	15
8	34
23	14
10	25
15	35
16	27
8	14
17	11
2	14
12	13
14	18
10	8
19	30
1	25
10	34
14	23
15	18
13	15
11	3
6	35
4	6
1	11
4	22
14	7
21	20
10	17
19	23
10	18
17	17
17	14
17	21
10	23
6	22
16	10
22	25
12	34
18	35
7	26
18	28
22	1
11	23
\.


--
-- Data for Name: has_permission_to; Type: TABLE DATA; Schema: public; Owner: root
--

COPY public.has_permission_to (role_id, permission_id) FROM stdin;
1	1
2	1
4	3
1	5
4	1
2	3
1	2
3	3
3	1
2	4
5	2
5	4
3	5
4	5
5	3
5	1
1	3
1	4
3	4
2	2
2	5
4	4
4	2
5	5
3	2
\.


--
-- Data for Name: has_product_in_stock; Type: TABLE DATA; Schema: public; Owner: root
--

COPY public.has_product_in_stock (pizzeria_id, product_id, quantity) FROM stdin;
1	20	39
3	10	10
1	13	9
2	5	78
2	17	33
5	19	5
3	19	15
3	14	63
2	21	1
1	2	88
1	8	32
5	18	20
3	22	89
3	17	65
4	24	59
3	20	12
5	26	28
4	34	26
5	22	3
1	1	23
3	5	23
3	15	9
4	27	54
2	28	63
5	24	76
1	25	24
2	2	7
3	6	1
4	12	90
5	28	99
1	24	74
4	11	14
2	4	20
4	13	32
3	25	85
2	7	33
1	27	34
3	32	99
3	28	61
1	17	65
5	7	90
2	14	84
3	16	4
4	30	6
4	19	45
4	14	46
4	8	33
1	26	51
3	11	17
3	29	25
1	7	20
2	31	57
4	25	59
3	18	47
3	2	37
2	24	100
4	23	2
5	27	76
5	20	90
2	33	52
5	17	69
4	4	64
5	29	80
4	16	37
1	18	45
2	29	21
3	13	98
2	30	70
4	2	53
2	13	52
3	33	73
5	11	23
4	21	28
5	32	72
4	22	80
4	18	56
2	11	46
2	8	15
2	6	37
4	9	84
5	4	59
1	30	75
5	1	86
5	30	50
5	33	82
3	23	37
2	20	17
2	1	92
5	15	49
1	11	37
1	34	50
2	34	19
2	12	64
5	23	23
5	8	99
5	21	77
3	9	97
2	25	33
3	24	92
5	14	6
1	21	8
2	15	9
1	35	86
4	20	18
1	10	57
2	10	43
3	4	58
5	6	70
2	3	67
3	26	28
1	6	51
1	5	1
2	27	18
2	16	62
4	32	80
3	30	21
3	21	49
3	7	72
1	12	22
4	17	4
5	10	9
2	35	56
1	19	56
2	18	72
4	3	14
1	31	36
5	2	74
4	35	65
5	16	62
\.


--
-- Data for Name: keyword; Type: TABLE DATA; Schema: public; Owner: root
--

COPY public.keyword (id, name) FROM stdin;
1	pizza
2	pâtes
3	végétarien
4	poisson
5	viande
6	champignon
7	spaghetti
8	macaroni
9	tagliatelle
10	fromage
11	chèvre
12	artichaut
13	parmesan
14	gruyère
15	tomate
16	poivron
17	thon
18	saumon
19	carbonara
20	moule
21	palourde
22	crevette
23	langoustine
24	écrevisse
25	porc
26	boeuf
27	poulet
28	volaille
29	oignon
30	ail
31	napolitain
32	truffe
33	veau
34	pesto
35	riz
\.


--
-- Data for Name: member; Type: TABLE DATA; Schema: public; Owner: root
--

COPY public.member (id, name, firstname, works_at_pizzeria_id, user_account_id, address_id, role_id) FROM stdin;
28	Chevalier	Susanne	5	3	189	3
15	Renaud	Thibault	5	4	136	4
65	Baudry	Zoé	5	8	230	5
18	Blin	Marthe	\N	5	175	\N
134	Bruneau	Benoît	2	12	99	4
91	Letellier	Christiane	\N	11	39	\N
39	Remy	Christine	2	13	152	4
77	Diallo	Marthe	1	15	87	3
1	Joseph	Valentine	1	22	215	2
141	Guyon	Émilie	2	23	245	5
138	Baron	Claire	\N	17	217	\N
74	Gaudin	Yves	2	24	206	4
33	Cordier	Victor	1	25	181	4
115	Foucher	Sébastien	1	30	204	2
76	Fernandez	Gilles	1	37	167	4
111	Michaud	Émile	\N	27	150	\N
97	Fournier	Benjamin	2	38	212	5
35	Rolland	Victoire	\N	31	196	\N
94	Dumas	Mathilde	\N	33	240	\N
110	Vallet	Richard	2	39	42	1
17	Traore	Auguste	1	40	85	5
36	Ferrand	Thibaut	2	49	75	1
47	Joseph	Hélène	2	53	231	2
11	Boutin	Luc	\N	41	56	\N
130	Lagarde	Gérard	1	63	241	5
40	Joubert	Gilles	\N	50	118	\N
139	Rousset	Louis	\N	51	59	\N
56	Dupuy	Christiane	5	71	226	5
68	Lacroix	Jean	\N	54	174	\N
108	Chartier	Claude	\N	55	29	\N
114	Lefebvre	Thierry	\N	59	239	\N
21	Fischer	Jeannine	\N	60	182	\N
80	Reynaud	Michèle	\N	62	61	\N
140	Pierre	Jacqueline	1	75	33	5
55	Pages	Aurore	\N	65	126	\N
5	Breton	Charlotte	\N	68	67	\N
6	Briand	Henriette	2	77	190	1
14	Marin	Henri	\N	70	93	\N
8	Delmas	Mathilde	1	78	146	2
24	Aubry	Christine	5	79	51	5
27	Chauvet	Jean	5	81	227	1
132	Durand	Louis	2	82	225	3
99	Legrand	Alix	5	83	193	1
45	Marchand	Théodore	\N	80	185	\N
124	Moulin	Raymond	2	84	110	3
23	Perrier	Margot	1	85	4	1
54	Labbe	Charlotte	5	92	127	4
51	Berthelot	Susan	5	94	100	3
30	Clerc	Isabelle	2	96	228	4
128	Martins	Christelle	5	100	57	3
95	Dias	Marthe	\N	90	202	\N
104	Besson	Robert	2	102	169	2
44	Colin	Lucy	2	104	3	2
89	Foucher	Élisabeth	2	115	7	5
112	Allard	Benoît	\N	98	194	\N
136	Gilbert	Christiane	1	123	111	1
29	Charpentier	Yves	5	124	211	2
131	Ollivier	Yves	1	126	143	5
69	Lesage	Nath	\N	105	80	\N
79	Simon	Adrienne	\N	109	14	\N
48	Pineau	René	\N	110	23	\N
73	Benard	Dorothée	\N	113	79	\N
127	Bousquet	Victor	2	129	8	5
13	Laine	Nicolas	2	135	171	3
118	Lebon	Nath	5	139	157	3
38	Legendre	Émilie	\N	125	213	\N
71	Hubert	Madeleine	5	145	78	4
82	Bazin	Emmanuelle	1	151	62	3
133	Klein	Antoinette	\N	131	2	\N
87	Descamps	Mathilde	2	160	108	5
126	Valette	Susanne	5	162	158	3
70	Bouchet	Marie	2	165	13	4
16	Bertrand	Pierre	\N	143	58	\N
63	Dos Santos	Daniel	1	170	97	5
88	Dumont	Alix	\N	150	38	\N
123	Lemaitre	Luc	1	176	123	1
72	Parent	Thérèse	\N	153	25	\N
53	Robin	Georges	\N	158	81	\N
90	Lacroix	Renée	2	180	11	5
43	Pinto	Jeannine	\N	161	36	\N
50	Moreau	Manon	2	182	188	3
32	Fernandes	Benoît	5	183	159	3
101	Becker	François	2	184	233	5
10	Gaillard	Marguerite	\N	173	28	\N
9	Marie	Océane	2	186	117	2
67	Faure	Marie	1	187	128	2
34	Camus	Josette	1	199	98	2
135	Raynaud	Olivier	5	205	242	5
105	Carre	Émilie	2	210	191	2
42	Gauthier	Charles	5	212	16	3
41	Gregoire	Emmanuelle	2	214	237	2
12	Lecoq	Nath	\N	189	72	\N
78	Klein	Marianne	\N	197	200	\N
26	Charles	David	1	215	142	3
106	Simon	Zoé	5	216	22	4
37	Levy	Étienne	\N	203	40	\N
59	Lemaitre	Aimée	1	221	44	1
22	Fouquet	Noémi	\N	208	31	\N
57	Duhamel	Monique	5	222	86	5
31	Briand	Georges	1	225	15	4
129	Leclerc	Frédéric	2	226	9	5
107	Remy	Patrick	2	228	88	4
86	Begue	Dorothée	5	231	238	4
4	Bertrand	Léon	\N	217	124	\N
7	Maury	Susanne	\N	219	161	\N
81	Charrier	Michèle	1	232	214	4
66	Lebreton	Éric	2	239	114	1
103	Hardy	Louis	2	240	24	2
60	Blot	Andrée	1	243	37	2
19	Blondel	Suzanne	1	244	120	5
116	Millet	Louis	2	248	68	2
125	Chauveau	Gilles	5	249	125	1
120	Vallet	Patricia	\N	235	178	\N
109	Roy	Jérôme	\N	236	184	\N
137	Fabre	Alex	\N	242	179	\N
62	Guerin	Thibaut	\N	247	180	\N
49	Picard	Margaux	1	2	236	3
167	Martel	Thibault	1	10	232	4
178	Brunet	Patrick	\N	7	55	\N
84	Weber	Benoît	\N	9	156	\N
236	Mary	William	1	19	10	1
223	Martin	Maggie	\N	16	216	\N
181	Morel	Auguste	\N	18	47	\N
100	Nguyen	Luc	2	20	70	3
164	Pons	Audrey	\N	21	63	\N
119	Lemaitre	Élodie	2	29	173	3
224	Benoit	Patrick	\N	28	102	\N
155	Mallet	Adèle	\N	32	166	\N
158	Torres	Julien	\N	34	104	\N
233	Riviere	Benoît	\N	35	1	\N
142	Roy	Claire	\N	36	119	\N
147	Bertrand	Christelle	2	45	103	2
215	Millet	Audrey	\N	44	96	\N
194	Brunel	Thérèse	1	46	84	1
190	Petit	Zoé	5	47	133	1
179	Marques	Margaud	5	48	198	2
218	Ruiz	Véronique	2	52	60	3
172	Rocher	Geneviève	5	61	26	5
64	Grenier	Benjamin	\N	56	19	\N
170	Guillet	Jacqueline	\N	57	122	\N
220	Le Gall	Pénélope	\N	58	210	\N
206	Legrand	Martin	1	64	229	2
221	Poirier	Benjamin	5	66	208	5
159	Alexandre	Alex	2	72	141	2
237	Boulay	Gabrielle	\N	67	220	\N
92	Renault	Jean	5	73	121	1
226	Fischer	Nathalie	1	76	112	5
150	Gros	Victor	1	87	130	5
231	Dumont	Luce	\N	86	165	\N
209	Chauvin	Édouard	1	91	151	5
61	Lefort	Frédérique	\N	88	35	\N
232	Perret	Corinne	1	93	160	4
189	Lombard	Honoré	1	99	244	1
162	Chartier	Lucas	\N	95	137	\N
160	Diallo	Arthur	1	106	107	1
149	Maillard	René	1	111	82	4
202	Weiss	Charlotte	\N	101	73	\N
196	Launay	Michelle	\N	103	219	\N
205	Dias	Odette	2	112	164	3
122	Guichard	Diane	\N	107	66	\N
240	Tessier	Lucy	\N	108	131	\N
58	Nguyen	Marguerite	5	118	105	4
204	Perrin	Christelle	5	120	12	1
241	Julien	Dominique	\N	114	91	\N
143	Guichard	Jeannine	\N	116	49	\N
246	Jacquot	Yves	\N	117	222	\N
157	Levy	Alexandrie	\N	119	148	\N
152	Perrin	Lucy	1	122	203	4
171	Leconte	Virginie	\N	121	6	\N
176	Legendre	Olivier	2	127	27	2
225	Teixeira	Aurélie	1	132	235	3
180	Perez	Geneviève	\N	128	153	\N
247	Aubry	Manon	\N	130	248	\N
144	Levy	Laure	5	140	209	5
214	Roger	Nicole	\N	133	50	\N
217	Gros	Sébastien	\N	134	92	\N
239	Andre	Thibault	\N	136	83	\N
146	Poirier	Thibault	\N	138	5	\N
222	Dubois	Matthieu	2	142	221	2
52	Henry	Agathe	\N	141	113	\N
183	Carlier	Denise	1	144	249	4
156	Fabre	Pierre	2	146	163	2
165	Martin	Bernadette	1	147	149	5
177	Hardy	Lucie	2	148	76	3
211	Mallet	Andrée	5	149	18	5
145	Bousquet	Simone	5	154	45	4
207	Ribeiro	Honoré	5	163	218	1
199	Perrot	William	2	166	144	5
219	Thomas	Martine	\N	155	197	\N
213	Dupre	Alexandrie	\N	156	134	\N
117	Camus	Joséphine	\N	157	95	\N
227	Lombard	Inès	\N	159	224	\N
186	Perrin	Victoire	1	169	139	5
208	Dupre	Claudine	\N	164	145	\N
197	Charrier	Diane	1	171	106	1
216	Leduc	Paul	\N	167	89	\N
244	Mendes	Suzanne	\N	168	53	\N
93	Durand	Alice	1	172	223	2
228	Etienne	Brigitte	1	175	30	1
168	Meunier	Honoré	\N	174	90	\N
238	Rousseau	Christine	1	177	168	2
148	Aubert	Thierry	5	178	201	5
198	Benoit	Aurore	2	181	155	4
75	Guillou	Adèle	2	188	183	4
210	Maillard	Alex	2	194	129	5
201	Dos Santos	Lucie	\N	185	69	\N
248	Brun	François	\N	190	246	\N
153	Durand	Christine	\N	191	192	\N
151	Henry	Hortense	\N	192	115	\N
245	Coulon	Suzanne	\N	193	64	\N
249	Dupuis	Eugène	1	195	243	4
195	Etienne	Jeanne	2	196	170	5
243	Cordier	Thierry	2	198	74	1
203	Fournier	Vincent	2	201	109	5
175	Legros	Luc	1	202	199	5
184	Lesage	Michelle	2	204	147	3
46	Herve	Mathilde	2	211	20	4
234	Morin	Agathe	\N	206	176	\N
235	Andre	Michelle	5	213	46	1
188	Charpentier	Michelle	\N	209	34	\N
166	Bruneau	Madeleine	1	218	52	4
3	Gaudin	Gilbert	5	220	207	3
191	Texier	Renée	\N	223	247	\N
230	Leblanc	Lucas	2	227	41	1
154	Michel	Arthur	2	229	132	2
174	Bouchet	Inès	2	234	65	2
250	Leconte	Olivier	1	241	195	3
242	Breton	Thierry	\N	237	71	\N
161	Blanchet	Christiane	5	246	177	5
169	Ruiz	Matthieu	2	250	135	3
25	Marty	Célina	1	1	77	4
163	Lacombe	Timothée	5	6	186	4
20	Da Silva	Véronique	2	42	17	1
173	Costa	Martine	2	43	187	5
182	Chretien	Honoré	5	74	48	5
200	Meyer	William	1	224	21	5
98	Goncalves	Aimée	5	14	234	5
85	Durand	William	1	69	116	4
83	Gilles	Alfred	1	89	250	3
113	Lopes	Victoire	5	137	43	1
2	Joly	Marguerite	2	200	162	2
102	Vallet	Victor	5	230	172	3
212	Bouvier	Adrienne	5	26	94	5
192	Techer	René	1	97	101	3
193	Michel	Claire	2	152	32	1
187	Millet	Michelle	5	179	140	3
185	Rey	Paulette	2	207	154	3
96	Maury	Alphonse	2	233	54	2
229	Bruneau	Frédéric	2	238	205	3
121	Guillon	Bertrand	5	245	138	2
\.


--
-- Data for Name: order_status; Type: TABLE DATA; Schema: public; Owner: root
--

COPY public.order_status (id, label) FROM stdin;
1	Panier
2	En cours
3	En attente
4	Terminée
\.


--
-- Data for Name: permission; Type: TABLE DATA; Schema: public; Owner: root
--

COPY public.permission (id, label) FROM stdin;
1	Modifier compte
2	Créer compte
3	Créer commande
4	Consulter commande tierse
5	Modifier compte tiers
\.


--
-- Data for Name: pizzeria; Type: TABLE DATA; Schema: public; Owner: root
--

COPY public.pizzeria (id, name, phone_nb, address_id) FROM stdin;
1	OC Pizza #1	0406076439	1
2	OC Pizza bis	0487674313	2
3	The Best of OC Pizza	0858873933	3
4	OC Pizza Original	0395998314	4
5	OC Pizza's	0288349477	5
\.


--
-- Data for Name: product; Type: TABLE DATA; Schema: public; Owner: root
--

COPY public.product (id, name, barcode, gram_weight, unit_price_ati) FROM stdin;
1	farine de blé	3020393106827	4590	13.54
2	tomate pelée	9510764233176	8325	79.98
3	pulpe de tomate	6155373525347	2480	91.61
4	mozzarella	6141415629265	9635	84.62
5	ananas	1587590541247	2360	24.36
6	parmesan	4737163283914	1445	36.57
7	viande hachée de boeuf	4257980779983	430	63.15
8	saumon	1670275751267	3730	4.36
9	fromage de chèvre	1721815175170	870	31.86
10	artichaut	9039554741504	4485	34.57
11	poivron	5662432898386	3510	44.93
12	thon	8588791744157	7180	40.00
13	oignon	0146561136861	8345	71.44
14	ail	5804827801896	4005	40.63
15	pâte	1238974391025	9750	69.86
16	oeuf	9459173728944	7405	92.35
17	mélange fruits de mer	8449702554404	4745	35.32
18	jambon	7009829954535	6375	77.84
19	jambon sec	1630486502164	6600	78.87
20	chorizo	8581549638920	9975	2.86
21	truffe	4029888064443	8790	78.69
22	petit pois	4015130454308	1820	15.62
23	viande de boeuf	8635356670847	1005	81.15
24	moule	7722174631820	4810	54.24
25	palourde	0056273503939	8585	61.50
26	coque	8489163784118	425	83.96
27	farine d'épeautre	7326749754862	8625	59.67
28	langoustine	6213731875548	1010	48.18
29	écrevisse	3052650808892	8755	21.42
30	crevette rose	5280201045016	4540	99.97
31	crevette grise	9903447825674	6875	48.51
32	olive	6156839440570	9705	5.10
33	roquette	4710625644997	4815	54.49
34	basilic	8591610225928	2500	72.28
35	champignon	6996409711651	4835	25.28
\.


--
-- Data for Name: recipe; Type: TABLE DATA; Schema: public; Owner: root
--

COPY public.recipe (id, name, is_public, description) FROM stdin;
1	Spaghetti bolognaise	t	{"Chercher situation attirer bout entretenir préparer habiter éternel. Demande général moi poser. Mille avancer paix ouvrir social usage espace.","Preuve compagnie flamme soleil souhaiter pointe profiter mer. Roi drame raison espèce partager approcher depuis ajouter. Police de vous papa marche angoisse.","Inconnu court paupière dimanche. Anglais seigneur montrer journal commencer accepter lier annoncer."}
2	Pizza regina	t	{"Droit entretenir secrétaire cent devoir endormir. Poète bord vers quelque plein l'un.","Préparer condamner tête tantôt moyen capable ombre. Chair mois coin nous deux aucun souffrir causer. Révéler société petit rêve haute savoir. Ventre installer frapper travailler.","Casser claire facile où particulier changement tromper. Papier causer suite oh monde."}
3	Pizza calzone	f	{"Sac mariage juger beau rejoindre. Main croire mer.","Éclater lèvre calmer pur point noir. Dont esprit fin respect parfaitement. Fils content histoire faim.","Ensemble interrompre repousser bas ah. Pleurer prendre clef avis sommeil l'une puisque besoin. Mince état vite retourner."}
4	Pizza quatre saisons	f	{"Meilleur erreur durant question prix droit. Vide remercier douze sable personnage décider.","Accepter pourquoi adresser révéler. Aimer conversation silence remplacer. Dehors déclarer lettre naturel apparaître. Noire regard grandir doux cher sombre.","Désir répandre feu champ repas village. Étranger poussière lorsque position si place."}
5	Pizza de la mer	t	{"Cacher chaîne voici coucher penser expliquer magnifique étroit. Traverser or également main phrase. Humide pensée mentir ensuite.","Haut noir tempête parfaitement rien animal. Violence jeune tenter sûr doux on forcer.","Signe maison dur profiter essayer. Déclarer auprès marché monde auteur céder titre espèce."}
6	Ravioles au crabe	f	{"Dépasser fruit temps supporter. Cri yeux déposer frère échapper odeur noir. Inspirer heure pauvre fort.","Peur savoir montagne acheter respirer un fidèle classe.","Autant machine terre confier parce que. Problème représenter sable donner arme papa pousser occasion."}
7	Tagliatelle au saumon	f	{"Autorité surprendre flamme fumée écrire village. Delà plusieurs poursuivre simplement produire camarade amener. Mari un plaire serrer.","Tout petit point. Envelopper dépasser éclater fatiguer.","Enfoncer renverser raison. Camarade bien dur seulement."}
8	Pizza Margarita	f	{"Rêver autre peau fête nuage. Soit oeuvre prétendre hasard crier.","Français réflexion tout puis direction. Direction te fruit voler.","Article retomber sens forcer haut. Mon réalité perdu aujourd'hui paraître silence. Parcourir contenir complet sens."}
9	Pizza hawaïenne	t	{"Genou pourtant éloigner intérieur sang. Vieil reconnaître nous chaque parti rêve grandir expliquer.","Oh brûler plaisir aide. Servir suivant direction rouge rang partager. Tenir simplement entendre pareil.","Lier choisir titre angoisse exécuter prêter paix parti. Présenter loup ouvrage reprendre lumière."}
10	Pâtes à la carbonara	f	{"Prix auprès mois voie. Auquel réveiller au prévoir corps comprendre porte.","Grand rouge vue fait rue appartement feu. Appeler vieux haut pays aucun voix.","Histoire long causer hésiter drame. Trait ramener énorme vers. Vendre crise glisser."}
11	Risotto à la truffe	f	{"Doucement rocher étroit moitié qualité certes place fil.","Distance ouvrage refuser lutte forcer objet. Souhaiter leur employer.","Saisir naturellement instant. Dépasser haute petit papa. Compagnon retirer page défaut accorder."}
12	Minestrone	t	{"Saint drôle honneur. Arrêter risquer entrer pareil vieux frapper.","Malgré personnage connaissance imaginer retomber.","Mine planche paix tuer."}
13	Linguine aux fruits de mer	t	{"Ci enfoncer foule présence emporter tout clef. Bas blanc volonté saisir.","Chose souhaiter tache.","Secret étude ton île ceci nation cependant. Fond queue nerveux cesse pourtant venir."}
14	Pâtes au pesto	f	{"Courant dresser gens taire oui. Crier fort mon nord demeurer. Peser situation docteur siècle moyen compter sueur.","Qualité en vérité. Vide mur quelqu'un de pencher reculer coup. Figurer frère danger voyage retour centre déclarer neuf.","Plusieurs soit petit chat absence leur. Autrefois paraître âme surtout. Droite que voler esprit sentiment fait fond."}
15	Lasagne	t	{"Jaune noir heureux placer chasse supporter. Prière théâtre banc tendre devoir troubler. Police posséder port. Condamner ensuite note construire chambre tête.","Visite poésie ce naître fumer chance siècle. Point cri devant ville plan. Souvenir loi connaître moindre souvent théâtre place réclamer.","Rappeler heureux plein son printemps aucun à. Profondément fenêtre sommeil cesser étaler. Voler confiance action blanc prévoir rassurer renoncer. Regarder affaire ailleurs soi savoir choix."}
16	Lasagne végétarienne	f	{"Oser grand retomber principe puissant aventure certes savoir. Détruire dire aider parcourir égal ça. Différent papier public tout bon fruit.","Entretenir presser défaut chant douceur matière instant. Chaud foule servir parfois décider. Corde aucun certain.","Presser courant chemise source sable conduire noir. Sourire accompagner intelligence grand se naturellement relation devant."}
17	Raviolis quatre fromages	f	{"Derrière demander résoudre ceci ferme fauteuil le mesure. Tôt chaque après. Amuser avant tracer cela.","Principe fait ça enlever départ. Preuve prêt rejeter art. Plante peine tranquille ville où prison.","Imposer porter honte ouvert plaindre glisser."}
18	Escalope à la milanaise	t	{"Fortune brûler village pont. Expérience village absolu franc sien attirer.","Signe indiquer accompagner veille froid dangereux. Tour chaise fait faux figurer résoudre. Dur difficile anglais haut.","Condition former confiance chaque. Eau figurer conversation. Leur demain note courage fonction pouvoir."}
19	Carpaccio de boeuf	t	{"Essayer passé vers plaisir geste ensuite agir. Prêter espèce aider madame.","Changement immobile naturellement humide digne. Cri rêver occasion bureau rapidement conclure point.","Oublier brûler français tantôt voyage devoir. Banc faire maître officier. Auquel sang franchir somme ouvrir."}
20	Scalopine	f	{"Affirmer jeune rouge préparer. Gagner franchir pas soi expression. Aventure rencontre bien étudier.","Heure souffler saison par marier même.","Nord frais vaincre divers égal que. Riche achever succès étendre blanc."}
21	Pizza chèvre miel	f	{"Blanc milieu vision afin de somme. Baisser femme note lune coûter. Système masse habitant mal réalité.","Exposer raconter certain lumière avance foule solitude. Preuve parent d'abord eh voilà.","Désert pont lisser prendre. Mouvement épaule proposer saluer calme."}
22	Pizza végétarienne	f	{"Charge lourd sec or ministre rappeler besoin. Mer cela long davantage drôle. Croire or déclarer étroit.","Secours nuit apercevoir haute famille tendre. Résoudre dur nation promener atteindre amener. Étoile fusil comme libre poids. Coup manier traîner occasion poche.","Asseoir détruire maladie exiger plusieurs. Y cesse répandre former."}
23	Pizza napolitaine	t	{"Ci loup promettre mort hôtel cause instant. Retenir résistance mince clef disparaître. Révéler honneur observer parmi ainsi peau. Répéter conduire agiter immobile président genou arbre.","Poésie souvent présenter réflexion marier et. Carte ce vide.","Droit signe prendre supérieur relever justice général. Étaler vieillard sujet nombreux éclairer véritable non. Mois éclairer clef si fumer près importance porter."}
\.


--
-- Data for Name: requires_product; Type: TABLE DATA; Schema: public; Owner: root
--

COPY public.requires_product (recipe_id, product_id, gram_amount) FROM stdin;
12	3	487
5	28	107
21	14	757
19	30	325
17	12	365
7	29	215
5	21	519
16	14	962
22	20	484
2	7	37
10	23	593
15	22	972
9	6	84
7	22	663
21	21	647
6	11	591
22	9	827
13	16	102
20	13	756
12	12	64
21	12	915
12	13	786
2	16	206
21	7	941
3	22	836
21	11	242
10	28	675
5	26	563
12	35	992
18	9	43
14	34	282
10	34	355
11	12	501
6	18	968
3	20	479
15	2	417
2	18	976
3	30	349
9	35	96
4	5	712
10	3	833
12	31	363
2	14	859
6	17	697
10	30	662
23	31	653
20	1	790
12	7	835
14	21	289
6	30	180
23	18	585
9	5	770
12	19	655
9	18	57
11	32	709
7	11	831
19	28	376
4	34	401
1	35	387
23	13	607
3	12	879
4	20	621
13	22	982
22	12	638
23	11	922
11	27	44
18	32	650
9	27	331
19	3	866
18	19	190
23	25	514
18	17	692
23	35	433
12	6	845
7	10	961
8	5	734
4	25	678
1	30	807
18	8	578
4	17	674
8	11	344
4	6	790
5	34	492
19	20	259
12	5	984
3	29	187
7	1	92
7	26	818
6	10	357
18	14	183
1	13	876
13	25	135
5	30	60
14	19	819
7	25	650
12	26	388
15	32	949
2	19	455
2	11	775
10	20	281
16	25	799
6	26	971
3	34	535
13	6	135
21	10	812
7	24	411
20	21	857
16	24	687
16	22	58
20	34	499
12	22	212
9	17	87
10	5	424
22	13	528
21	31	138
2	35	157
3	32	728
15	19	455
10	7	386
18	11	115
22	34	788
5	1	347
23	34	501
14	28	826
14	26	80
21	8	716
18	15	206
4	32	610
7	19	17
20	27	37
6	13	700
22	3	772
13	8	813
22	24	480
20	14	772
13	11	609
15	6	325
12	27	584
8	18	706
11	3	682
6	1	904
2	32	190
16	28	162
20	6	340
19	2	556
2	3	59
13	14	574
17	35	947
2	33	800
16	31	909
21	18	748
7	3	483
21	24	769
4	31	494
5	19	209
15	13	389
16	27	370
14	10	721
1	4	348
7	27	630
2	5	923
13	9	973
6	19	350
1	11	680
10	1	370
1	8	634
1	29	39
16	18	538
8	9	509
15	20	575
5	3	134
16	33	918
14	3	764
20	17	842
9	13	159
1	31	582
5	32	131
19	7	115
6	25	141
10	17	779
12	8	489
6	21	192
10	21	244
3	15	569
22	15	376
4	16	386
13	23	867
5	17	73
18	1	840
16	30	21
21	6	349
3	18	924
20	5	23
21	30	958
3	33	583
5	16	280
18	2	316
17	21	408
9	33	123
17	1	475
9	25	330
16	1	563
4	21	650
3	3	977
8	16	840
19	9	678
7	30	413
\.


--
-- Data for Name: role; Type: TABLE DATA; Schema: public; Owner: root
--

COPY public.role (id, name) FROM stdin;
1	Client
2	Gestionnaire
3	Pizzaïolo
4	Livreur
5	Opérateur de commande
\.


--
-- Data for Name: taken_order; Type: TABLE DATA; Schema: public; Owner: root
--

COPY public.taken_order (id, member_id, address_id, pizzeria_id, bill_id, status_id, is_paid) FROM stdin;
3	246	76	2	226	1	f
4	71	167	2	80	3	f
5	100	81	2	63	1	f
6	78	81	5	136	2	t
8	58	52	5	9	1	t
9	46	35	3	112	1	f
10	124	215	5	204	3	f
11	48	187	2	65	4	f
13	18	208	1	100	2	t
14	138	234	3	36	1	f
15	207	150	4	217	1	t
16	159	65	4	64	3	t
18	48	221	2	72	3	f
19	103	85	4	173	4	t
20	143	96	4	219	4	t
21	234	1	1	66	3	t
23	22	159	2	201	4	f
24	239	218	2	6	3	t
25	112	201	3	25	4	t
26	207	54	4	7	4	t
28	185	234	5	229	4	f
29	50	49	4	26	3	f
30	148	102	1	249	2	f
31	126	145	5	107	3	f
33	223	25	1	157	3	t
34	34	45	4	247	1	f
35	208	129	4	37	3	f
36	56	104	2	173	2	t
38	241	179	5	124	2	f
39	114	70	3	1	1	f
40	180	181	4	241	3	t
41	14	156	4	213	1	t
43	32	163	5	17	3	f
44	69	239	4	178	4	t
45	89	220	4	25	3	f
46	83	68	3	169	1	f
48	235	109	1	142	3	t
49	144	3	4	18	1	t
50	57	200	3	77	4	f
51	192	191	4	200	2	f
53	41	157	3	189	4	f
54	240	244	3	220	1	f
55	236	240	1	55	1	f
56	232	100	1	87	2	f
58	220	76	3	193	4	f
59	246	99	5	238	1	t
60	117	176	5	120	2	t
61	70	60	1	33	2	t
63	229	178	3	41	2	f
64	228	8	3	40	1	t
65	226	46	5	230	1	t
66	16	127	1	142	4	t
68	55	40	3	242	3	t
69	167	102	5	191	1	f
70	15	61	3	153	2	f
71	202	97	2	82	4	t
73	39	148	1	128	3	t
74	125	106	2	227	2	t
75	67	94	1	246	1	f
76	59	122	4	65	2	f
78	196	84	2	139	3	t
79	213	154	4	8	1	f
80	143	17	2	167	3	t
81	182	248	2	192	1	t
83	51	91	4	59	2	f
84	129	205	1	50	1	f
85	60	99	3	178	4	t
86	129	4	4	232	1	t
88	132	53	2	144	3	f
89	14	105	3	102	2	f
90	183	2	3	210	1	f
91	114	160	3	208	3	f
93	64	82	4	186	1	t
94	128	150	4	48	2	t
95	33	80	5	188	2	f
96	109	231	2	163	1	t
98	134	168	2	122	4	t
99	47	82	5	30	3	t
100	237	92	1	238	4	t
101	10	38	1	176	4	f
103	148	33	3	81	1	f
104	31	176	3	157	3	f
105	232	63	2	126	4	t
106	5	32	1	195	2	t
108	14	28	2	216	2	f
109	38	180	3	6	2	t
110	222	17	4	36	4	t
111	142	195	2	32	2	f
113	134	126	4	74	4	f
114	210	241	3	30	2	f
115	42	145	5	104	2	f
116	62	67	5	247	3	t
118	88	76	1	41	3	t
119	9	14	1	83	3	f
120	122	73	1	186	4	f
121	225	143	3	187	4	f
123	83	17	1	68	3	f
124	238	181	5	163	3	t
125	234	130	2	133	1	f
126	191	101	1	104	2	t
128	126	97	1	154	4	t
129	19	192	5	198	2	t
130	35	155	5	53	3	t
131	138	154	2	22	2	t
133	40	81	1	198	2	f
134	152	91	1	121	1	f
135	133	97	1	26	4	f
136	90	58	1	21	1	f
138	1	220	3	218	4	f
139	74	97	3	44	1	f
140	42	241	5	26	1	t
141	2	161	1	40	4	f
143	122	158	4	158	3	f
144	194	205	2	10	3	t
145	54	150	3	51	4	t
146	109	136	4	51	3	t
148	128	176	3	17	1	f
149	221	241	5	193	1	t
150	80	52	3	150	2	t
151	118	155	5	195	4	f
153	86	220	4	137	3	f
154	21	220	2	224	4	t
155	227	191	3	245	4	t
156	124	138	5	197	2	f
1	138	49	2	50	3	f
2	247	51	5	34	3	t
7	101	10	4	3	4	t
12	53	46	5	107	3	f
17	208	96	3	118	1	f
22	52	96	4	27	1	t
27	249	240	2	235	4	t
32	217	207	1	59	1	f
37	123	153	3	46	1	f
42	95	236	3	89	4	f
47	193	135	3	94	1	f
52	81	110	3	207	1	t
57	61	86	4	106	2	f
62	75	215	1	151	4	t
67	240	193	3	17	2	t
72	106	122	5	8	3	t
77	160	152	2	186	4	f
82	125	119	2	91	2	f
87	234	244	4	121	4	f
92	30	62	5	60	4	f
97	228	2	2	88	4	f
102	222	64	5	132	1	f
107	193	157	4	112	1	t
112	66	187	2	249	2	t
117	147	43	5	63	1	f
122	110	96	2	55	2	t
127	167	199	1	163	3	f
132	53	100	2	227	3	f
137	126	82	2	41	4	f
142	42	119	2	50	3	f
147	249	15	5	186	1	t
152	232	195	3	241	4	f
157	167	196	2	94	2	t
158	25	215	2	52	1	f
159	163	127	3	131	3	f
160	92	32	1	250	4	t
161	54	238	4	78	4	t
162	30	250	1	164	4	t
163	93	218	1	56	3	t
164	111	183	2	222	4	t
165	77	99	5	207	1	t
166	198	30	1	124	1	t
167	34	45	3	130	1	f
168	3	199	4	242	3	t
169	236	106	4	33	4	t
170	204	65	3	109	1	t
171	125	52	2	202	3	t
172	210	229	5	41	2	f
173	120	235	1	55	2	f
174	169	48	1	50	1	t
175	81	223	3	176	3	f
176	190	152	3	101	4	f
177	179	199	1	69	1	f
178	78	40	2	189	4	f
179	50	108	5	144	3	t
180	25	236	2	139	4	f
181	149	132	1	155	3	f
182	223	123	1	90	2	t
183	111	224	1	57	3	f
184	151	56	1	89	3	f
185	174	95	4	52	3	t
186	237	86	5	51	4	t
187	137	213	3	56	2	f
188	24	89	1	133	2	f
189	232	11	4	210	4	f
190	7	149	4	235	4	t
191	131	142	2	145	4	t
192	146	165	1	149	4	f
193	11	173	4	245	4	t
194	145	151	4	115	4	f
195	147	87	4	64	2	t
196	53	190	1	161	4	t
197	60	213	4	121	1	t
198	146	209	2	97	1	t
199	213	93	5	76	2	t
200	62	249	4	8	3	t
201	91	107	3	171	2	t
202	7	147	1	13	1	t
203	27	101	1	110	3	f
204	238	126	5	205	1	t
205	9	122	4	182	1	t
206	202	101	1	58	1	f
207	192	157	4	55	1	t
208	107	6	3	99	2	f
209	102	57	3	194	3	t
210	206	113	1	11	3	t
211	124	240	3	63	3	t
212	138	222	5	36	4	t
213	219	2	5	67	1	t
214	196	232	2	202	2	f
215	195	125	5	155	3	f
216	218	217	2	155	3	t
217	102	112	3	178	2	t
218	196	169	1	75	1	f
219	145	121	3	170	1	t
220	196	144	4	249	4	f
221	25	70	1	142	2	t
222	230	58	5	237	3	f
223	4	63	2	202	4	t
224	5	38	4	7	4	f
225	37	242	1	110	2	t
226	155	29	3	245	4	t
227	220	59	5	14	1	f
228	151	224	3	72	1	f
229	239	8	4	55	3	t
230	200	222	3	184	1	f
231	96	232	1	108	1	f
232	171	5	5	187	1	f
233	24	194	3	126	4	f
234	218	193	5	232	1	t
235	211	170	3	22	4	t
236	10	206	3	17	3	t
237	41	55	3	129	2	t
238	87	63	5	16	1	t
239	170	236	2	91	4	t
240	189	178	2	58	2	t
241	175	203	5	218	2	t
242	65	41	3	121	2	t
243	93	173	1	190	3	t
244	77	213	5	194	3	t
245	37	203	2	48	2	f
246	194	76	1	145	2	t
247	46	217	5	51	2	t
248	172	114	3	192	4	t
249	105	241	1	215	4	t
250	125	213	5	246	1	t
\.


--
-- Data for Name: user_account; Type: TABLE DATA; Schema: public; Owner: root
--

COPY public.user_account (id, member_id, email, phone_nb, hashed_pwd) FROM stdin;
1	25	benoitlaure@ferrand.fr	0166679822	$pbkdf2-sha256$29000$ojRGqHUuRSiF0PpfqxUCIA$fY/HQoQxxPafN5CIM5bwrOp.OGqGlyub1vLiM8.mhSc
2	49	ydiaz@ifrance.com	0197427910	$pbkdf2-sha256$29000$j3EOYQyBMCZkLCWk9D6nlA$sfqXgifwF/3X3PTBmPgrTMeQaXbsDS5nmb8tjM.eyXo
3	28	petitjeansusanne@boulanger.fr	0802730770	$pbkdf2-sha256$29000$836Pce4dQyhFKIVwzlmLsQ$h3h.lBGzbJGVC/AHYyFIFv8ar74NASoyuJOaxZI20Wc
4	15	kmaillot@hardy.com	0891942356	$pbkdf2-sha256$29000$s5ZSas0ZQ8i59/7fW4sxxg$dcECPrj6zMkqDhcCskwTydc.tbQzM.UQsNbduSga8Hs
5	18	josettelaroche@traore.fr	0146880563	$pbkdf2-sha256$29000$7L1XCiHEmBOC8F6Lca51zg$rv.lltxXofnisnIlsgjOzlu2iEsq8hn.qFxU5W3pRII
6	163	oceaneimbert@goncalves.fr	0274078190	$pbkdf2-sha256$29000$L0VICcF4j7E2pjTmXCslBA$Yqo9mj/Wx9g4C8E55irs2i2/9D2KD6aTQzueZObnC2M
7	178	hmace@noos.fr	0400749662	$pbkdf2-sha256$29000$sLaWcg4BoDQmhJByLqU0Bg$Ob2XcLGswWayjMJcpkpVXMXx8XnABNEAETalpPZt7wo
8	65	astridleblanc@voila.fr	0482822389	$pbkdf2-sha256$29000$BKB0bo2x9r73vrdWCiHk/A$TBSZtgjxiYQu1qw7JLQVmnhtDd38bZtmeHfhjfPAxw4
9	84	claude24@wanadoo.fr	0886385946	$pbkdf2-sha256$29000$cG4NwXhvbe0do7Q25hwDgA$Yhp/skdy9rpt4x9oq/9nq5Xd4MmnkQ/P9oZ5hcQNcg8
10	167	emmanuelle16@lambert.fr	0135917531	$pbkdf2-sha256$29000$yTln7L0XAuD8P2fMOQdAaA$CzsfVsuHLJ1qE2Be3ZR2DE9k6eYslipd9uIQPqIVLc4
11	91	nathbertrand@gmail.com	0113780625	$pbkdf2-sha256$29000$JSREKEWoVar1npNS6l1rLQ$Jrgs/dog0Lim2cD23oSfkx9AdezMWDA4mfhMImGGdT0
12	134	udumont@pires.com	0161720405	$pbkdf2-sha256$29000$pJQyBoAwJsR4TwkBoDRmDA$biYr2OoltmZIpx0YgLpK8T/A6sd9RpeMuTIjOChU7Cs
13	39	menardzacharie@bouygtel.fr	0530530030	$pbkdf2-sha256$29000$wHivlVKqFQLAWMtZ650TYg$NJw8ay9lgH28oao79uEPnDp4HJcEgDkKc5.WqJzswIs
14	98	aurelieallain@live.com	0444690729	$pbkdf2-sha256$29000$TInR.h.D8N47R4jR.n/POQ$n34Mh76SvBrWIpjQsCgejUCtDlKcZxC1xm63IfExLtY
15	77	tessierodette@navarro.com	0285400734	$pbkdf2-sha256$29000$lTIGgLCW8r73Pudc6/2/Fw$j0ygoxIwpS64myVhZEFcLQQIFa.QuT6uE2z5vmeD9fU
16	223	aribeiro@loiseau.org	0898459949	$pbkdf2-sha256$29000$791byzmHkJLyPmcshdBaKw$Rfsk5gx.XLphTz57l5tsTb8qYpn6HLD.cshSYIvDWyE
17	138	qbouvet@le.org	0138109680	$pbkdf2-sha256$29000$nFPqXcs55xyDsDYGgPA.xw$1vUKpoCCUXdWyiKgxJtR3wrQGjBz6kakhzQqcDFcU90
18	181	uperez@georges.org	0801710467	$pbkdf2-sha256$29000$/d/7/x.jNMYYw3jPuXfu/Q$V/LVPj4Sri5FddR63NEIhJZmTYi3qUL8ctwzQLRI5wQ
19	236	wleblanc@bouygtel.fr	0417387114	$pbkdf2-sha256$29000$mHNOCWEMofReC6EUgtBaSw$FCfCiNpc05cDfgF7MJvnrX//3laLn.Qgz36x24di5Jc
20	100	ramosmargaud@leroux.fr	0101935609	$pbkdf2-sha256$29000$TKlVCsE4p7RW6t07J0RIiQ$OyaM72hiibJSskdNHJ9TX/lVvIs3vykajpZ8ox1Q6Y8
21	164	valentinecordier@tiscali.fr	0115150362	$pbkdf2-sha256$29000$753zXktpLeW8954zZkyJUQ$cZMQQpVrZq1V/Vn.cSZ2MEIrG6eEmPaCJ4o/muWe0yE
22	1	neveuhonore@wanadoo.fr	0659309368	$pbkdf2-sha256$29000$Q2jN2VsrBaA0ZuwdQ2gthQ$D3nj5yIA5MIJTcVgTmWRQFSqhJ7hgBF/XVq6mOy7dPg
23	141	gilles69@gautier.com	0108402512	$pbkdf2-sha256$29000$mzMmZEwpxbjXWislRMj5Xw$elF1Yr3a4IxkUJwVY89kAQ5JOcNYxOjynQSAEnBKy/s
24	74	danielledijoux@noos.fr	0360360084	$pbkdf2-sha256$29000$C.E8h1DqHYPQWksphVCKcQ$ttG1KyfUuAYUQnCNWgb5LwWGXgpan9crBINZ1rL7LcA
25	33	astrid63@henry.com	0147192788	$pbkdf2-sha256$29000$710rZWwNIWQMASCEUCrFuA$4zuA8nIYl3YCAPEB0Oavgri8T0CNyby/zafGlJxUKOc
26	212	margaudhebert@tiscali.fr	0327268949	$pbkdf2-sha256$29000$JeR87z0nhNDaG6MU4jxHiA$umRSAB0r0.Jp5MvqaBNjrw6gO8x6hrUyF4HkcIP/vhE
27	111	philippine65@bouvier.com	0519359013	$pbkdf2-sha256$29000$qpUyJoTwfs/5v7f2fg9hjA$6Bc/zdKF11lVaV4pZ7wyPJOT.xXCK8W5lyhrvvZOSco
28	224	zvoisin@bouygtel.fr	0408513238	$pbkdf2-sha256$29000$wnjPmdPaG6P0PqeUsvb.Xw$CW.FnyqDsRb8.LBuOdhh.F662g4hAoZBTdtVCKI6WNc
29	119	godardhelene@yahoo.fr	0101105347	$pbkdf2-sha256$29000$oVSqNebcW.sdAwBASEnpfQ$0vgv2nYzGJAO5V8znqH1AHqWDeKP.c9AoCAP1AMus/Q
30	115	guillotanne@dbmail.com	0168739688	$pbkdf2-sha256$29000$a.0dw5jTmpPSmpNSinGuNQ$DwflAfhe6vHtUnMYZNHlz0rsaKaq25IZtmnzdx56i9I
31	35	vdelannoy@marion.fr	0266890804	$pbkdf2-sha256$29000$RggBQKj1XovR2puTco4Rog$ToUxjCBr0mdD/1JgAhKz4k64f6NbfJ/6dcW/jE1E1eo
32	155	alberthonore@legros.com	0324464251	$pbkdf2-sha256$29000$T8lZK8VYC.EcA.BcK6VUyg$bBUuzrTk2JmNaP2Nug6aIcBewkxeknoX4ODhqjuGnP8
33	94	lpoulain@free.fr	0364157644	$pbkdf2-sha256$29000$gvD.n9P6nzMm5BzjfM.5tw$MBqfD0soI8Q7sjE/boxEoMQo8yDx2Ozxv1zwpEM4LJA
34	158	wmallet@aubry.com	0312954032	$pbkdf2-sha256$29000$ZmwthTDmXGstRWgNofTe.w$JX58bBAMz.UMixjswc3xawVzYoiIWAShixSnn7PkPSk
35	233	monnieralice@tiscali.fr	0263333508	$pbkdf2-sha256$29000$Q8i5934vhZByLkWIsba2dg$tLyh/vngoWjwTDzBLufBk1POMmorThwNNfj/RRcMgeo
36	142	daisyroy@gallet.fr	0222926334	$pbkdf2-sha256$29000$cA6hdK619l5rDWGMUarVeg$KCozKSzan.1kP7fJHKzxSnBdb8wjrcj6CsgQFBVujRc
37	76	edithperret@hotmail.fr	0584383001	$pbkdf2-sha256$29000$N4ZQCiFEiHEuBUCotXZuDQ$6dGXv2Ey5/Ac3mvf7AY7A17BwY2sna1mGcMfzT04DIA
38	97	ablin@toussaint.org	0212486385	$pbkdf2-sha256$29000$onTOea9V6p3T2ntPqbV2rg$5zBlxx2eEkn4/3hhMTYDlQ1VcjqwiLOX0aiDxwbnDJ8
39	110	zblot@hotmail.fr	0395248169	$pbkdf2-sha256$29000$IaS0ttYaQ2gtJaQUIoTwng$4iSgh14nAARjMkp3iX5uA0kVgwVd7JkVSvJJ2kjfl34
40	17	kjacquot@live.com	0227056219	$pbkdf2-sha256$29000$LeVca21NaY1xLiWEMGZsrQ$QN02y1K0GD0CgOehaS2GMNtSsbWq95dHL9Wcd8qYStE
41	11	valleesuzanne@caron.fr	0154266885	$pbkdf2-sha256$29000$cw7BWOs9Z0zJWQvBWAvhvA$ZCpfyfqHuoSrGZdtNZbCssPu0x3uPk8V0/V/cfX96YA
42	20	bodinlouis@leconte.com	0145429369	$pbkdf2-sha256$29000$HYNwjpGS0pqTUmqNUco55w$cKtGgREQKCSV0x2F3ecuYsCJFcd.8hZeow46tAZIRUk
43	173	nicolevalette@free.fr	0618428837	$pbkdf2-sha256$29000$5nyvVWrt/Z/zXmutlfL.fw$LWaCR6yOVoXnrgRWl.l7XOgTU30GGOdpbCH8HFQpCZU
44	215	wthomas@sfr.fr	0474017059	$pbkdf2-sha256$29000$IKQUglCqFUJoLQUAIMR47w$g6qGpRZJhwYIP7RVB3jRpEsbTMKwFiG7mbxxNu0fkGo
45	147	olamy@orange.fr	0557657655	$pbkdf2-sha256$29000$2nuv1dr7f.8dg9B6L8VYSw$/dn8Yc4H83S.vg1LJpuEY4AeWk0B5mnISeePKjpNqGs
46	194	valerie59@andre.fr	0664821218	$pbkdf2-sha256$29000$trY2RoixttZa632vFeI8Bw$5cFk/WuOImrSbunGK2CQ/di.4RSHflXGwo3drzJDBl4
47	190	ngrondin@garcia.com	0517935322	$pbkdf2-sha256$29000$kLL2nnNubS1lTEnpnZMSYg$QyJu.JHCGBu1LDsY7FnTswqXrmN42slnldZpoZReHJ4
48	179	aliceda-costa@guilbert.net	0454915731	$pbkdf2-sha256$29000$TokRgvD.nxMiZExpba3VOg$d4SyOR6j7Fzdx3XuqIHrRBktqy0tPVHhyLgWuXPR5ZE
49	36	lainetheodore@hotmail.fr	0574706954	$pbkdf2-sha256$29000$yJkz5lyr9X6vdU6J8Z7zPg$QhAhtPY8ZEzcV5RPt.T6Qvwl4tu/bbeDGgVlzrorUqk
50	40	moniqueevrard@noos.fr	0638462744	$pbkdf2-sha256$29000$/7835rw3hvAew3jPWYsRog$oAt8G54Sx4DfNzyTb2J6tLhUmFtJw.FS1HLfv5PWvY0
51	139	duboisalain@bouygtel.fr	0625462164	$pbkdf2-sha256$29000$tPZey1nrvde6V.rdGwPAGA$7WO4zQ4gQK8BHhzPhQA3WpAE12PixDq0dKBoL.2Jmcc
52	218	merleelise@gregoire.org	0215311457	$pbkdf2-sha256$29000$EaK09p4z5lwLYSzl/J9TSg$ZxQrgP0GbN8x8hleLfYu7PYCjK8LgNBxKZVPP.XlTC8
53	47	hallard@bazin.com	0517946127	$pbkdf2-sha256$29000$4Vyrdc6ZU2qt1RojhBDCOA$.gAEHYhR/mIJT8UmcDcjGCOiZ93Wx055arQXEPOIXUc
54	68	anaislecoq@orange.fr	0818532424	$pbkdf2-sha256$29000$6z1HyDlHaA2BkPI.J8S4dw$NLR5hTrxi2KAsACCpk8hwykIuyW5yLCky8Gdd2Aw7.0
55	108	wlebrun@pages.net	0691319315	$pbkdf2-sha256$29000$NiYkhLDWurdW6t075/wfow$Pdf3OiIFhMvEfXEg1/F3Bdc0tDcexbXetI4FCxfpRDM
56	64	tanguyanais@bouygtel.fr	0140002636	$pbkdf2-sha256$29000$c641JkSo9T4HwJhTam2tdQ$3zhkqq8gH/IhDLw7jXJI57tPsbMrOL0nOoYBsUUlXaE
57	170	bernadetteruiz@blanchet.net	0687990058	$pbkdf2-sha256$29000$CSHk/B/DmPM.R6gVAkAoxQ$4u8iGqkycZxY6IbFjB9BV3ACSJ6yIkvRjhnnT2GTJ7c
58	220	denislopez@lombard.com	0459027254	$pbkdf2-sha256$29000$43wPASDEOAcgRKiVUsrZew$WB1n6me.XLv0Tb2qKt8EtZYHfQN/b3exKukxdyPqedM
59	114	da-silvajuliette@orange.fr	0559527846	$pbkdf2-sha256$29000$CcEYQ4gR4rw3xrg35vx/7w$mpinN9EVWQoVW.CwgIc4zpm8ZGAMJAll.3NhTxnlSZc
60	21	francoise34@fontaine.com	0414029105	$pbkdf2-sha256$29000$wJhT6n0vxdibs9Z6D6G0dg$edDjpyG4RYp0wZkm3Mx3c0J4.keW3ZQ6x9Re7dmehSs
61	172	hhernandez@rodriguez.net	0137948653	$pbkdf2-sha256$29000$vDemtLaWcg5BSIlxjlFKSQ$ei0mOiAy5UlN6LZXHMRKbEiAiOgcGPWZbGEoFTA/PLU
62	80	chevalierleon@tele2.fr	0664041668	$pbkdf2-sha256$29000$HkMoZUyJUSoFgBCCsLa2Vg$qEXKofeTGhrVXlc/OeTZJ/9YRKjsxZ/qoq553956L5U
63	130	mdiaz@ifrance.com	0505724433	$pbkdf2-sha256$29000$uheC8J7TGsPYm1NqDYGwNg$uEtEEA2ymKuLGlFwdGiycjB.cZkfqdKiaVL9S7.2/.4
64	206	maggie17@diallo.fr	0369563578	$pbkdf2-sha256$29000$ZQwhRMiZM8YYY8z5//.fEw$OyIJYRkWFpaLeVVMmaX.l1PGsU2c.ZmhCJ2KLco6fYk
65	55	diane98@wanadoo.fr	0213586117	$pbkdf2-sha256$29000$B6A0JuS8V6o1RiglBGAMIQ$mNgMseFkw5pkj97rZs1f/8JecNxAJooD0Q49xltMMMk
66	221	itorres@free.fr	0232091514	$pbkdf2-sha256$29000$W.tdS8k5J6TUujeG8H4PoQ$pGCUuj704Lb1/JKmvpOEnMPTyZFT9WVcyWZBEUsROKo
67	237	yfernandes@chevalier.fr	0210615315	$pbkdf2-sha256$29000$xngPISSkNGbsfQ.B8H5PaQ$LlvaKSTTxCoc9b5dSIVhAwkFJrqVpIXahAXpOlfrkpY
68	5	ebrun@noos.fr	0353960999	$pbkdf2-sha256$29000$EYJwbi3FeG9NCYFQKuUcgw$zg65KvkDYxbfOp9swu2d8NvC5hPhmB2OOe6IEbf8a1s
69	85	lagardejules@jourdan.com	0474108886	$pbkdf2-sha256$29000$4zwnJCQEAOC8t7ZWau09Zw$uyWrmTFwbsgH50Q3q9klu1qgz8Ja7hcBELBH/oy40.w
70	14	walbert@lebreton.com	0832309446	$pbkdf2-sha256$29000$ydmbs/b.H2OMEaJ0rnWu9Q$a/43Y1ylSqhVp77BbBsDMPppvVzlqpSdBqtsnIsLiHE
71	56	eugene70@noos.fr	0325236946	$pbkdf2-sha256$29000$ZQwhZAwBQGhNyflf6937fw$5tMipXB4JszGVrInRV3OfqfEOsv4rmZvBcsXB4CmR/s
72	159	audrey39@hotmail.fr	0345270743	$pbkdf2-sha256$29000$LoVQ6h0DYKxVivG.d8557w$KaTA9LAlet5NhKBzC/s1Ji5uUG4Qboz7TlPiokHrQOk
73	92	bessongerard@dupuis.com	0541251370	$pbkdf2-sha256$29000$QMi59z4HQMh5z/k/p1TqPQ$j32NtaCJjeO/ubbORylXfgMy2DLUEgLfD6wZ1WjCppQ
74	182	richard60@noos.fr	0828659805	$pbkdf2-sha256$29000$IMR4jxEipNR6D4FwTokxxg$xGeLg1HjFL7tTsGoOCbAzWFCVagvYNBhsrNMyFAsCvw
75	140	gaillardisabelle@wanadoo.fr	0370310904	$pbkdf2-sha256$29000$FMKYc855DyEkREiJUWoNQQ$YtYCMS3pO2Atyomnpc/evbd9r3nUNgixeM3261eBxGc
76	226	nrenard@orange.fr	0178608942	$pbkdf2-sha256$29000$lvIeI0RIae2915ozJuR87w$Xh7oZR..Fqxt8k7D2EBcaoHPjqnv16V7Ru1C7F4bUkA
77	6	renemary@lemoine.fr	0435020262	$pbkdf2-sha256$29000$PufcG2OstVYqZaz1vheitA$MUaXmi2247q4kvuBJtVxxrVTTUJkbr7lAGTbVI8KPTc
78	8	zacharie93@tiscali.fr	0660222450	$pbkdf2-sha256$29000$TUkpJeSc0/qfc27NmfO.1w$Al/By8JA0AEZ1NTSOdz90exaOZDQD05U9Agd1lL3Mss
79	24	agros@pottier.net	0130288418	$pbkdf2-sha256$29000$I4TwPue8V4rxHuM8Z4xxzg$vH2rGG8jX7mZrdaQ.t9dxfbpoo8/NV634mg.Lvvsf3o
80	45	marcellemoulin@free.fr	0849520492	$pbkdf2-sha256$29000$jzGmVOq9l7LWWiuldI4xBg$OohYE1nTfkBO5wrAJnB/9Ld48NdCboUCMXmOX0a5we8
81	27	leducisabelle@joly.fr	0345952627	$pbkdf2-sha256$29000$3JuTEkKIEQLgvNc6R2hNCQ$3h99WMnv059gEVqvL/Xo4TjOJ40XzlLuPjD3.V/WRvM
82	132	yberthelot@tele2.fr	0304828396	$pbkdf2-sha256$29000$cy5lrNV6L2UsBeDc.7.Xcg$R4wPzq6MW4x03fKPhz236RKaTyLrcj2kZh1USPiurRk
83	99	sblot@live.com	0195830575	$pbkdf2-sha256$29000$S8n5H4NQ6r0XQuidM6Y0hg$/GJAvBpbSRoh2HmRJBNt.zC3i3YYH3qwDtKSadXg/R4
84	124	ypotier@orange.fr	0670151550	$pbkdf2-sha256$29000$tZby/t/bu3dubS3F.B8j5A$ohsE1.GgHSz6Fx6e4ZYMjdc1hHFwhg1o2zHjwGkHYF0
85	23	ulaine@ifrance.com	0276260177	$pbkdf2-sha256$29000$ovReS6k1Rijl/N87Z6xVig$Zt0140ZPLdvQG281oBdPVr6GOrjlvEOslXTcAG5Zpzk
86	231	bodincaroline@gmail.com	0288265116	$pbkdf2-sha256$29000$E4LwXssZI4SwNkZozfnfmw$KZUfk7rxOP1paBcPP9wmoDilaIdQqK8v3JlspPerD2Y
87	150	henriteixeira@laporte.fr	0803904121	$pbkdf2-sha256$29000$E2IsZWxtjdEaQ6i1dk6JUQ$mWWGzh..7JayfN80PXDMQrPtmYprsu3i6f6QR9l6wh8
88	61	zevrard@wanadoo.fr	0555973736	$pbkdf2-sha256$29000$sJbyXktpjTEmZCwlRCgF4A$nA5j2BH5KwrJEGVZ3YDsD/QuBjN5iU1rtmVxQ59722E
89	83	xmerle@barthelemy.fr	0687051650	$pbkdf2-sha256$29000$CQFAKAVgLCWE0DrH2BvDmA$aMsw3X2.ONMgZKDDfXKEfFgtXt2//WKAtlswz/f7.ps
90	95	anais77@sfr.fr	0157742242	$pbkdf2-sha256$29000$U4ox5rwXAmAsRcgZo1TKWQ$DC/5TbotRNbCfqV86mGxeGJpUPYmylx5DlLNyyTNrN4
91	209	anastasiebazin@renard.com	0610670298	$pbkdf2-sha256$29000$hDDm3DtHyNkb4xwjhDAmRA$ch0i6ZnniA9zpPPQt6gbxUi7Lt2pOXzdyQ4aJJusxas
92	54	benjaminblot@martel.fr	0212867706	$pbkdf2-sha256$29000$mFMqxVjrvZcyBiCklPKekw$g3tL5VW/L0G.61ze8Kn6Sb0jqvxCwmZv3Ft3eJTv4fc
93	232	parismonique@boucher.fr	0384693934	$pbkdf2-sha256$29000$1to7J0SIUUpJqbV2DmEsJQ$J5m9GxxoWE1p1UIxeABym6sPmU.g3ycGvkh6OTWq7Gg
94	51	mferreira@pottier.fr	0475079761	$pbkdf2-sha256$29000$yTmHEAKgdA6hVIqRkpKylg$CYviepRFqIqyMjU1NgB3G4PwSYrILNPNMAbloyzesMA
95	162	jerome02@colas.fr	0284080894	$pbkdf2-sha256$29000$KmXMeQ8BYIxxbi1FaM35Hw$WLH2Fffs5m/5KTi.UZv1BTfgvkEy3CUcS/f2smSJpao
96	30	stephane64@guyot.org	0691214599	$pbkdf2-sha256$29000$CeG89x5DKCVEiHEuReh9rw$eETgYSNEXvktRsoXTtbGwHMpkE8dA7Q7vGFAH1V50No
97	192	delmasnoemi@voila.fr	0426460566	$pbkdf2-sha256$29000$CMFYi/Ges3auFWJMCeHc.w$Zuoe7o5saSUPfM6UBSFLFtSCQjoJUwrGErLpBxEIlCw
98	112	michele75@riou.com	0425601317	$pbkdf2-sha256$29000$KwXAuFeqdS5lLEUoxRjDeA$nQJemyVJKWr6g2zLgGltFLdqve9nfRBycWl5ToMQKb8
99	189	samsonemmanuel@bouvet.net	0205966342	$pbkdf2-sha256$29000$TqnVWitlTAkBoHTOOQcAYA$W/YFYeizhDmmPAIUlxAz74q3qTy5GGY0HNtHA5Tz3Tw
100	128	antoinebenjamin@brunet.org	0176163333	$pbkdf2-sha256$29000$D.G817o3xvh/z5mzFkJoLQ$JNPRPAmyiMN0bpMaHqYvtwS4NPqLhn855gp8ecRkrlw
101	202	droux@wanadoo.fr	0100916047	$pbkdf2-sha256$29000$h7A2RohxzvmfE.Jci1HKOQ$sEGRCrepDqfhyoUH9S607jCskUFeeFhBCis3mF52DBs
102	104	colascorinne@live.com	0112456361	$pbkdf2-sha256$29000$fm/N.d.bk/L.n5PyHqPU2g$fwM8/mTxqhV0ZRhGhsy9SNhh/YzmWQntl0bIZnL6rUY
103	196	tmartins@sfr.fr	0698309771	$pbkdf2-sha256$29000$u/deay3FOOc8x9jbWwuBUA$EhyzqhNxAKz27wTjaToSor36U5zUtlN7pvtsNsMPKf4
104	44	margaret62@dupuis.net	0213468845	$pbkdf2-sha256$29000$fw.BUCrFWAvhHGOMkRLiHA$41HaQNByCkiBP800MOos7uHWTuUfE9RzoUSRfd3bA0Y
105	69	lucylanglois@gmail.com	0836806033	$pbkdf2-sha256$29000$ppRyzvm/l/I.5zxHyLm3Vg$7uAcILWd4IrJQ.quupRBkIJZdYLgbhudRGG58NItT4c
106	160	bgeorges@coulon.net	0463957065	$pbkdf2-sha256$29000$dY4RopSSUgrhnLM25vzfew$IUenlM0N8m/JXzYvBEN4Lgbgag/7RX4i7Wz5sJeKSwE
107	122	christianemoreau@roger.fr	0660968735	$pbkdf2-sha256$29000$zxmjlDIG4FwrRWhNqVUKYQ$nD/NObgCoKDfpiRuP2CJ0bKQJGzSj5nVS3L8.eWdZvo
108	240	genevieve81@gilles.fr	0197316587	$pbkdf2-sha256$29000$kXKu9X6vdQ6BMEbI.T/n/A$0U0BdndxrHNEWqucpSz1x5y2YFTgKXSIpMqHr6qBxcU
109	79	pineaumatthieu@barre.fr	0420380104	$pbkdf2-sha256$29000$pnRuLWXsXQsh5Dyn1JqTEg$4yW4QxsI1EsnVo.9DT/1nfvj4bsIDreh2w2BaqZzXUA
110	48	agathemoreau@tele2.fr	0103786943	$pbkdf2-sha256$29000$g3CuFWKs9V6rFaIUQojxfg$0DduBKwihjeSWJ.wG2RsEdVasrOWM4oC36K6BCY2MBw
111	149	ebazin@tele2.fr	0887405593	$pbkdf2-sha256$29000$xLg3BqBUqjVmTKmVcu4dQw$IVo9iEEZQGekPOJ.z5wNQOvAp.zElqADtcL4.dBbmdU
112	205	gilbertmartinez@berthelot.fr	0682283514	$pbkdf2-sha256$29000$41xLqdX6f6.1lhJC6B1DyA$h33VtiSL9GHfQYIivo81EZ80.wrCnGXBWB7EdYR2tPI
113	73	hlaporte@club-internet.fr	0155943550	$pbkdf2-sha256$29000$dG7NmRPiXMs5B4AwhpAyxg$NJr.atK9qnGJ0auHo6aSGLFoztuNun1GhG/Q6HDozX0
114	241	blanchetcaroline@laposte.net	0231336401	$pbkdf2-sha256$29000$7j0nBMC4V4pxrpUyRmgtBQ$LxvnyK13yG6N1gGEGWRd11WNXiiOa4/BD8wOQynPeNw
115	89	margaudleclerc@millet.fr	0147393619	$pbkdf2-sha256$29000$tJby3ttbixHCGCOklPL.nw$FM4ujKmHzqH2gltIxCzT8LScm8qtokOhdSYbHQHnmLk
116	143	veroniquecousin@guibert.com	0560556635	$pbkdf2-sha256$29000$ew/hnDNGqLUWYmyNsbYWAg$X.46y3q2K5cDtJYiWB/p8Q79gnzArC/LA00gbev.hD4
117	246	genevieve42@jean.com	0693314320	$pbkdf2-sha256$29000$jfEeg5Dyvvf.n5MSghCC8A$vd0OM8zR2u3jfa.4AmBHm.QIYTZXAFeff3n1tKkUVkg
118	58	renee06@pereira.com	0397063134	$pbkdf2-sha256$29000$N2ZMaU2JkTLG.P.f8z4HoA$RTtvqICtDzyiTX9S1plw60Jzf2eEEPYbgF5BeE3v4cs
119	157	dominique29@parent.net	0142932968	$pbkdf2-sha256$29000$LyWklNIaw5iTkjImxPifkw$UhTDEHQXYj6aewx4SpR5irpPuJzW/HmZma15NCkZWMU
120	204	fgimenez@sfr.fr	0629086317	$pbkdf2-sha256$29000$kRLiXOu9954TQkjJudfaew$u8xhB735YyvbSZfMl8WerO.w9ohh5kRy/VLjawAUOp8
121	171	emmanuel28@tiscali.fr	0693515670	$pbkdf2-sha256$29000$QQjhPEdIaS3F2BvjHIOQ0g$KnSQvV3/Tm2lqHz.stb8gPdrLryaEA0A82zrW6Hwevk
122	152	gayhortense@guerin.fr	0196922590	$pbkdf2-sha256$29000$LIWQknLuvfc.B6CU0vr/fw$1CYqfOGCxzba2Wkm8t.q9wXAQvq64M.Ly1JFWuWrC24
123	136	xpetit@noos.fr	0829411523	$pbkdf2-sha256$29000$aU3JGeM8h3COUeq915pzrg$GczQExz0IVIMy/bRg21xkZZ.5W2eQSD.zcxzYhuXkWQ
124	29	meyeralexandrie@sfr.fr	0647657046	$pbkdf2-sha256$29000$NoZwTsnZ29u7d46RMkZIiQ$78LRLrRB1Vk0rB27zxrIahRNQpP725aMwXuF1WMPfJo
125	38	ebrunel@tiscali.fr	0695790744	$pbkdf2-sha256$29000$hBAipNQ653wPofT.33vPuQ$9dPknD3JW9IFGLSS8AZCsIWfMq4586ZutoKa4tjY.B4
126	131	roussetgenevieve@samson.fr	0333488417	$pbkdf2-sha256$29000$inFurRXC.B9D6N17b22tFQ$8gccNnVH9O8A.9l2ww5nC6HEVJ1VMag/QEOpRrEyV8E
127	176	charpentierbrigitte@free.fr	0561061229	$pbkdf2-sha256$29000$GeM851xLyZmTUkrpHUOo1Q$IFo/wQ6xuWibppfCArknSr6VksVb6a/i/acGFSC7siE
128	180	jeannine57@yahoo.fr	0422045861	$pbkdf2-sha256$29000$di4l5HwvZcw5B2AMobRWKg$Okyps5lKSMGoDb1vgZaDyyPTulGOtvNjqRwYVYTvYYA
129	127	etienne63@gmail.com	0568600574	$pbkdf2-sha256$29000$kRKCEML4H8M4B4Cw1hpjrA$n21VUXLFiGacFw0Brkqcnp3z65L6n6KE2ZHBgnTWhXw
130	247	susan19@pottier.com	0124078747	$pbkdf2-sha256$29000$cE4JQej9f48x5vwfQyildA$CMlKyGqChJsBte2VHWWcPLlEXP9vzYxdePEuirUrnwE
131	133	chevalierjacques@leconte.com	0685360889	$pbkdf2-sha256$29000$GsO4txaiVCqFkJLSOgfAGA$pY/MyZeJQ7CuJqaX7.g9Ll2/rgK0g25PYp0Hjm2y4G4
132	225	barrefranck@maillet.fr	0266250607	$pbkdf2-sha256$29000$5pyzljJGCMH43/sfg9C6tw$Q1WIuw0C6i044QKv6L3jQuZIzo4.HDVxBnhjInqx6Yg
133	214	ferreiravincent@live.com	0169006835	$pbkdf2-sha256$29000$6V1rLcWYU.rdGyNECGEMAQ$PT9XGpkMuta3JB9UmwsqjUF/El3hrNPARw/wsgpH8ls
134	217	eliseboulanger@tiscali.fr	0151442274	$pbkdf2-sha256$29000$L8UYg5CylpKS0tr7P.dcyw$veL39ChFo1E5KOedFKR2EG73C6BlpbcTXfoPNOj0rWY
135	13	faivremargaret@da.fr	0490933621	$pbkdf2-sha256$29000$0RoDwLg3JgQAIIQQgpBSig$EmKdk0hAjjae3CFRQqARlqdCl1A4IsaDrs2WiFzybg4
136	239	tpages@noos.fr	0557167518	$pbkdf2-sha256$29000$sjZmzFnLWau1ljJmDGFMSQ$VCXUCn8.44uHbQcslVGDWXl7DkuFzE.Zwyj9fsklOX8
137	113	blinemmanuelle@masse.org	0424708539	$pbkdf2-sha256$29000$zFlrLQVgDIEwBgBAaI0Rgg$AOkiav47s2JAP7Dyc0sXLLQ.VT3vaf43eYeC3jpircY
138	146	oleroux@live.com	0268514540	$pbkdf2-sha256$29000$K2UMIUTofY/RWouxtnYOIQ$IEq0xQekEhN9mYXAp4mk.8mod/ETjmKL0H2wRt7pAqY
139	118	alexgimenez@alexandre.fr	0585415706	$pbkdf2-sha256$29000$mdOaszaGMMbYG6OUslZqzQ$DheEv6KoddSLFwF3uDQ.LtonPaPpR2Rf8fQKm1NJ6EM
140	144	lucychevalier@perret.org	0643979266	$pbkdf2-sha256$29000$dy5F6H2vNSbEWGstBQBAqA$dPDE0Nb5UnJBer3FdLLUi1MjOmQG4H1zZcJQkrK7kGo
141	52	henriroussel@voisin.org	0183319227	$pbkdf2-sha256$29000$UmrN2bt3bs35v5eSEqK0Ng$4Xf.tt51WckCjCi201hfDynWDDv6EhP2XhOH68oRYJA
142	222	laetitia91@barre.org	0663149100	$pbkdf2-sha256$29000$GuOcE.L8/x8jxNhbC4GQ0g$8MGA.uCBtmRrx.hccnQZ5qyRYn/7Iv/abNUirD9kYPI
143	16	michelegros@free.fr	0123330232	$pbkdf2-sha256$29000$Wet9D4Fwbi1lDAEAYOwdgw$FWHLpiO1VviyAMVzh1a0velyZ3YT6BvyhbZrmsjqY1Y
144	183	christellelemonnier@dbmail.com	0108835119	$pbkdf2-sha256$29000$O2estRailNI6Z.wd43zvXQ$mpT7wlSHMPE0paQ2bDQSuSsxc1yz2WzmPIhp80dkgoo
145	71	paul17@costa.fr	0221205968	$pbkdf2-sha256$29000$WmsNoTQmJGSsdW4NoRRC6A$aaRh8Y/sCe0NgaaMDaDz07zS.v3jqwtHgq/qWyYRsIw
146	156	delmaschristiane@free.fr	0888233604	$pbkdf2-sha256$29000$BWAModSa0/p/r1UKQcgZww$W.WRmpORQ/ZYqUhafHslpEWO8zQEJ1H6MEpLwwgXK.k
147	165	egauthier@laroche.com	0163960601	$pbkdf2-sha256$29000$WkuJUUppLSUkhPC.V8q5Fw$h9NkQgOVzQNgf13b5NE3MIN5m2MU73LJgfLhQdCcEew
148	177	laurencemenard@benard.fr	0543216448	$pbkdf2-sha256$29000$652T8n6PsbYWghDCeO.dUw$uoqEUOpypTpMoFJ8dM8R8GW56PW6BrE/TS4Pom29P3Q
149	211	plecomte@petitjean.com	0889941559	$pbkdf2-sha256$29000$hVCq1TpHiBECQMi5F8L4fw$9sTVhTqflgmRutb9GovewudkUEaA7uQr5eAR7r/tw2Q
150	88	lucasmadeleine@bruneau.com	0261346929	$pbkdf2-sha256$29000$JgRgjNF6T.l9b.3dG0PoHQ$KoG74VPNjyYJgs.cR.klcveOIkZVgIZV.oloqr3LcVg
151	82	qseguin@jacques.fr	0183901170	$pbkdf2-sha256$29000$QkhpLeWc8/7fu/c.ZwyhVA$InOdhB0tgkgm1440hlZhLVUYGJugbha9WOJNkE6sa.s
152	193	laureda-costa@le.com	0404865158	$pbkdf2-sha256$29000$WguBkPL.37s3hpDSWktJiQ$EDXgj49/dLR5zNZfJieYc01NuGB5MK8AEbSkyK3ALd8
153	72	gaudinstephane@jourdan.fr	0888223870	$pbkdf2-sha256$29000$T0kJQeh9TwmhdM5Zq1XqHQ$UOLKwVQ6l8PwdEvNNZDtFd00KEt4as9Q6Xj7XwOaspI
154	145	duhameljulien@tiscali.fr	0596517948	$pbkdf2-sha256$29000$V8p5791bS2ktBSDE2FuLcQ$yRWf4wvcS1yuuPK21aHkhToRcilmwoNg7M1zoP.hE3A
155	219	larochevalerie@gmail.com	0642658398	$pbkdf2-sha256$29000$/d87JyTE.H8vRchZq7UWAg$biVwUOCYH9D4YEbXwF8XKh/Qt4ofuZF9R3AjM7vOdcI
156	213	bretongabriel@gmail.com	0197874431	$pbkdf2-sha256$29000$aM35X.s9hzAGAACgVEqptQ$wMPuyGbs9GZ9uJnAJmxiQ8Ir1cc9/b7QC.IbZbM/pjw
157	117	noeltecher@pottier.com	0549554393	$pbkdf2-sha256$29000$JoQwZowRojQmxHhPCYHw3g$PnTng3ZXSKbM7yabret6SQeLOLCXSAvCkVZR1t5sxC0
158	53	tgonzalez@sfr.fr	0572325943	$pbkdf2-sha256$29000$0/r/v5fSes.ZE4Jwbm2N8Q$YSGx2bEw4XVs9q/YCIUw1Tl.8dDfl0U.7nAVt3Z9.9g
159	227	jacquesstephanie@dbmail.com	0343730198	$pbkdf2-sha256$29000$bk0JoXSuNeY8x5gz5txbiw$iUIMx5KvQnWTL6ZnzsXw8Ti09cVdIJoeVyjKzqgR18Y
160	87	josephinemartel@gonzalez.com	0159108518	$pbkdf2-sha256$29000$834PYWzN.X8PAWDsfW9tjQ$smcQiDsioMGqmKkh1dy8ziAQz4DNNa0bSiywVut8daE
161	43	cecile30@lefevre.org	0165216173	$pbkdf2-sha256$29000$vRcCgBAi5Lx3LkWo1ZrTWg$uBcPjeswEvz74m/q/XLl1wnwsVHQNuYTXFI9sO.k2RI
162	126	aurelie82@free.fr	0586400407	$pbkdf2-sha256$29000$nnMuJSTkPOf8PydkrFUKoQ$B2uBq66AeXtRDm/17F0FztzS99gjYaQGNbgdia.lcu8
163	207	nguyennicolas@voila.fr	0689063065	$pbkdf2-sha256$29000$izHGuDemtLY2xpjT.n9PCQ$MKwUR/Qq.htM8DVtVbFS798gwdwVFcBO4ti4caNfnZ8
164	208	xdeschamps@dbmail.com	0145952070	$pbkdf2-sha256$29000$vzfmfK/VOue8d26NEUJoDQ$f7UwRIH4tET450IG99zbT70.D2lSy7TVuFo10csdDIM
165	70	simone02@martinez.fr	0116700796	$pbkdf2-sha256$29000$ohSCEEIIAcB4T2kNYSxFaA$zLobu9/QO3zhiM84ofX37qDeIx1nmOCoDjjOT6gZM3I
166	199	seguinmaggie@richard.fr	0666895610	$pbkdf2-sha256$29000$FiKk9F5L6X3v3VvLuXcuxQ$xjPpmDuKJ/uYXJ/Zvy8ffnYpMc9oZOLydTW/LACdVqM
167	216	constance65@sfr.fr	0633393832	$pbkdf2-sha256$29000$GoNQag1ByPn/X8tZq7V2Lg$i7JBnhy.DLVjuJgzzWHGY/TGzBYKwpz1v/deR34FTz4
168	244	gimenezgerard@tiscali.fr	0120393336	$pbkdf2-sha256$29000$j5Gydi6FUOqdk9I6ZwwBYA$11aaRzOUn06CDrl5yb3qv.tgQuHn5AVQqtASIXaUcC0
169	186	philippemargot@bouygtel.fr	0461368797	$pbkdf2-sha256$29000$mtP6XwvhvLe2FiKk9J7zHg$pZSi8pKu90ozlDmZm.0Pl2Hb9PI.PL.zha.welfAm1s
170	63	ruizastrid@yahoo.fr	0691052002	$pbkdf2-sha256$29000$u3cOAYAQojTG2FuLEYIwJg$.MH/TF7Ph4LHLix7zWfJgUW9sYDQus7woKxZbbu264M
171	197	constancelecoq@gaillard.net	0151180308	$pbkdf2-sha256$29000$yJlT6t37fy9FaG2tFWLMWQ$09z2sJ/w69bYnfKzuVm5h8ZzP4cE1YkmHiFEYm1XfB8
172	93	pichondiane@noos.fr	0878282342	$pbkdf2-sha256$29000$QEgJodR6b23tfW8NodR6zw$KoLPl6.tWRaC/aMDRV25Yho7L6ZPRbth2dlPXQ8ioOs
173	10	gaillardclaire@couturier.fr	0809856531	$pbkdf2-sha256$29000$8f6fM2bMWUtJCQGAMMbY2w$yMrBdAONW8yGTAStj.roekDKdpq1VNnCgPyKbdv/aE0
174	168	ffaure@voila.fr	0296259757	$pbkdf2-sha256$29000$5/xfS.m9t7ZWKqV0zjlHCA$yVMwo2lVt54Dh8iDnJWCCbKoU8/YFiQ.0cTb1bxhY1E
175	228	ogonzalez@ifrance.com	0804018416	$pbkdf2-sha256$29000$MiYk5JxzLgWAcE5J6T2H0A$xc5SAK1Q.7bYByeeP5Izz8Gzm3nmtjYFn3A4FD/JqhA
176	123	augustinrenard@bernard.fr	0598109551	$pbkdf2-sha256$29000$5TznnLPW.v/fG4OwthZC6A$0V6.ek3I9srfuzpmxJbVGNL9Zba5KxMaVG2X2JSkU.I
177	238	qhuet@hoareau.net	0838033589	$pbkdf2-sha256$29000$nDPGmPNeS4nx3pvTWmvtvQ$wWYdfO8HS96Q6M2p2IgZgkjVi9xXdv/uMXONcZRJB5A
178	148	ade-sousa@bouygtel.fr	0651471487	$pbkdf2-sha256$29000$5RzDGCOEUArhvJfSuncOQQ$ogIhf6SywNr0KEJtZbMFBfbHTlIpC.MseLKmDiCD/8E
179	187	eugenemarie@lacroix.net	0447762198	$pbkdf2-sha256$29000$ay2FsDZmrDVGKEXIWUvpvQ$JTAqg3S.snR6r4SD53huOeASUiDqkJsvJuwU/5cJPP0
180	90	parisvincent@chevalier.fr	0272933045	$pbkdf2-sha256$29000$OwcgZAyhNGaMkXLunZOScg$B5KvS/5G2aJNoA7/oLthuoFidzVxHMbEwlfuTrnxRBw
181	198	emiliepicard@chevalier.com	0274752985	$pbkdf2-sha256$29000$w/hfy9n7H.M8h1BqrdUaww$VvjDuWTz.vdk9glATvQgB3g5tmfd18UqJW.kAiLlClI
182	50	henryfrancoise@nicolas.org	0291268902	$pbkdf2-sha256$29000$GMPYm9O6FwIgxFjLea/VGg$lyuWq4SekKjtLZzpqwMmFLQ6atIEKn7jmKAtX5VxzqE
183	32	vincentleroy@fernandes.net	0565337266	$pbkdf2-sha256$29000$C6HUmvPeGyNEKAUgZCzlfA$/ZAms21Hp6XQlRp7eo7e9e6XQgPdVUKU1LifEhaxTTI
184	101	blamy@renaud.org	0174084632	$pbkdf2-sha256$29000$vXeOESIkZEzpnbMWQqj1Pg$2YBWvqLVj6EJTFiI5w8wvA8btrwkxtkeXXDi.uu5bNs
185	201	luc74@wanadoo.fr	0418346398	$pbkdf2-sha256$29000$oVQqBUCI0VrrnZOyNgYgxA$OTvg16KSc0YoHTzqHyn/VveKfHhPLaFZpihnx9SclP8
186	9	augereric@bouygtel.fr	0155191932	$pbkdf2-sha256$29000$qhVC6N1by3nv/f8fQwgB4A$Tz7F1wf6t4tYNNIKoDzd974SZg3h3Jl0DX0wfAclVBE
187	67	aimeeweber@francois.fr	0236567962	$pbkdf2-sha256$29000$3ptz7t0bQ.i9d47x/j.H8A$FSWjqa75.58gH0Y3OJwUgDWwfeQAj.8rY7oK3ft5vSA
188	75	besnardarthur@dbmail.com	0594822542	$pbkdf2-sha256$29000$k7L2XuudE8JYC8FYKyXEGA$0QPscEYbQE3hU7Gup9c/dfjeBX6t1tBjn71BkVdC6/w
189	12	adrienneblot@orange.fr	0426197751	$pbkdf2-sha256$29000$rFXKeQ/BuFcqRch5r3VuLQ$a9GuTPkhmI1NPzjKwMuu5qlUZKKGNzhoJaGfR.KOBzM
190	248	agathebodin@guyon.fr	0138465810	$pbkdf2-sha256$29000$prT23psTAsC4l9Jaq1VKqQ$gIVLvwRGZbMSVFWxFKPZSRYx5jtznKFHRZAasaw78EA
191	153	thierry08@riou.com	0550224822	$pbkdf2-sha256$29000$t/aeU8rZm5MyRqh17v0fww$Dt/3lwAT46G8WFJu/Irfut0CKFX7deCPBGF6Hi1tHig
192	151	vle-goff@hamon.net	0152220842	$pbkdf2-sha256$29000$RIixtpYyJkQIYaxVqjXmXA$Gxq.ZP/zd0WrV7W8YOKXjUp0qO3BcsAIeIuWTPyuGq4
193	245	lucas76@renard.com	0645737261	$pbkdf2-sha256$29000$D8EYYyxlTAkBoNR6LyVEKA$y4IOc0YzxifqWYanRioWxnrQ5dmc6WjATuwZm.5ObQ4
194	210	umuller@sfr.fr	0821655549	$pbkdf2-sha256$29000$n5NyrtWaMwZg7B3jPCfk/A$OJAJcbtCViX5hvATcrt5bX9PNpILcs6WIOpkyFtbWpg
195	249	sebastien29@hardy.com	0425043962	$pbkdf2-sha256$29000$vhcC4HxPSUkpJWQMQYhRCg$i7QIXrVJpYCmWPjfjYLdc0tAhjSkyE8udiSmq0sQbMw
196	195	hortensecharles@jacques.com	0114178154	$pbkdf2-sha256$29000$rdW6F0JoTem9VypFiHHOuQ$HfgEmuI.kjmuJx9CtSc92DwX1jtLukToOtKcEOrd8uY
197	78	rouxmarianne@tiscali.fr	0117235107	$pbkdf2-sha256$29000$AqD0PqcUojTmPOe8l7LWOg$RsnA2/E./fnUqSVV28xO4emwmUCsHtR54niLTEwD324
198	243	jourdancamille@tanguy.com	0257496508	$pbkdf2-sha256$29000$pnTuvVcKAaA05hwjBEDIOQ$Slv8WAVl42TAFDzp3L3kPJF1l1IU76T89DMtdGcAWy0
199	34	louismarty@tiscali.fr	0416161279	$pbkdf2-sha256$29000$Y4wRgnDufY9x7j1njFFqLQ$w6/VRv58ydvnO3TcEDcMoTznWzEvx7w1aEm2sDcLbZI
200	2	mantoine@delaunay.fr	0337178313	$pbkdf2-sha256$29000$.b/X.j8HAICwltKac.69lw$KMRa6dcELicmHQa5jZhvlPmr5y.HURAfOZ5c1yXyuDc
201	203	madeleinemuller@cousin.com	0484276437	$pbkdf2-sha256$29000$pPQ.B.A8B.C8t1aKMQZAyA$VBxJSGOJgOhbk2fhCyfk3JT167Tm1CSLZXXc7kaM0oA
202	175	marthe84@dbmail.com	0873082932	$pbkdf2-sha256$29000$BmCMca4V4lwLYSyFkPJ.zw$3wnhY.4FQ5ri9L7doq.JJVZLyjEwXq9QZZwBUlCuxR4
203	37	durandmichelle@free.fr	0197924939	$pbkdf2-sha256$29000$/N97790b4zyHsJZyrlXKWQ$tHlUZkK5/Mj0jzCkVt5EB1YvdtRfkFjqcUepjs6LmF8
204	184	zbourgeois@dbmail.com	0818875655	$pbkdf2-sha256$29000$bY2xNgbAmLMWglBqzVmL8Q$AldjH6KeRufHPHVuDjEnM.0JHXkImb.SPUPCccL1Py0
205	135	sylviebruneau@simon.org	0168203123	$pbkdf2-sha256$29000$dK4VgvAeA.D8fy9lbM2ZEw$oD9xO78lRe1E400VqEo4339EJ4NegNXMtFdKv9y57rM
206	234	jacqueline34@dbmail.com	0617724764	$pbkdf2-sha256$29000$2ftfy7kXolRKKeU8ZwwBgA$h/7/Qkq9ejON7a.ky4D7cJ/Dw9A2YTQkqrePXDmRz34
207	185	bernardalexandre@fernandez.fr	0863428487	$pbkdf2-sha256$29000$CKF0znmPUQqBMCZkrHXunQ$D8mqjuzHGRHmJiTv3I1qsopGckddOvKhqSswfFjC5og
208	22	clemence77@club-internet.fr	0490752794	$pbkdf2-sha256$29000$YowxxjhHKGVsDaE0JqQ0Zg$n8IoEPcRTr4eRkn0j.NSIxjduvX8CkcTy3k7bVd7alU
209	188	renaulthenriette@noos.fr	0574178082	$pbkdf2-sha256$29000$9J4zJiTE.L.X0vpfK4UwZg$oDjyrMo889Ril/gOSs6/TWqkIzRGU4g0/V5vN.jH9bE
210	105	marguerite95@tele2.fr	0121560100	$pbkdf2-sha256$29000$fO8dI4TQWmutdS5FiNEaAw$keHr/XPUfRDKUvf6UQXvxiPVmLwtVNaaW02PdvNWxPE
211	46	alice99@bouvet.com	0419775095	$pbkdf2-sha256$29000$rbU2JiTEWMvZOweAMCaEsA$qiTP9JUhx7HcG2OFde8RhnwlfNWQx3mb6HsX//gjaUM
212	42	etienne25@sfr.fr	0229881776	$pbkdf2-sha256$29000$uBdCCGGMca7VWsv5HwNgTA$Zb4Cdiy02iq1X.HUGfPuhh.YbMcHRAvJApzKNtp4gdY
213	235	dbrunel@baron.fr	0805654590	$pbkdf2-sha256$29000$eE.pFeIco1QqhTDmPCckhA$SfsfkBajJYcwNYCNR96faU/OoVN/Y9dqWSrWWnZzjq4
214	41	zoeevrard@pinto.fr	0181511305	$pbkdf2-sha256$29000$ktJaS6l1DsHYO8f4H8P4Pw$F1MQWNiPF4LS7d.oaASmcUT2pQtMsmZVLzys4Jhmwg4
215	26	sruiz@maillet.org	0319132856	$pbkdf2-sha256$29000$I6QUYgxByFkLoZTS.r.3Ng$yeV/xTdKx9EONWNZBToSMUw//e3zZqPXRnbeIFk0GuI
216	106	franckcollet@morvan.com	0264726020	$pbkdf2-sha256$29000$Xau1lvJeK2VsLeWcEwIAwA$Vme6kBW7Efet9g6mhQa8z3CexD7Jz2mq8oO6/dYBAtw
217	4	mgarnier@yahoo.fr	0828771156	$pbkdf2-sha256$29000$c86Zcw7hvHeu9R5DKEVIyQ$0/aZQ6/gtA02q16yAwN7EPJZsWgfjMk9LhWW37/n0X8
218	166	charlottegaudin@laposte.net	0697752788	$pbkdf2-sha256$29000$HeM85zzHuNeaU.p97z0HQA$za31gY8QDPZRvpPn1LTFVA2.y6EOydamxZvPyk9cO9E
219	7	suzanne89@free.fr	0148993967	$pbkdf2-sha256$29000$/9/7f8/5n/OeEwKAMEZobQ$wijR91/4U.2qCIToGvw8mZCJ8RBantksWeF/5YHKSqc
220	3	martinphilippe@carlier.fr	0137975354	$pbkdf2-sha256$29000$i/H.n3PunfN.L4XQujdm7A$S28JO3IBra1/DIiOcDwTSoa9/uEpmFX0hgyiVrIQRTo
221	59	huguesjacques@delahaye.com	0360562600	$pbkdf2-sha256$29000$aI0RohSi1HpvLWVMqTUGwA$04HjxBg4mwG7sLhVGsxYGzuqOFZhGZ8QukERxrmnlDU
222	57	mahephilippe@hotmail.fr	0875311017	$pbkdf2-sha256$29000$67333jtHqHUO4Zyz9j6nVA$er6WsyB.uuedLnbbe23vZuhZXqntUOLR/ldsF/lXbZk
223	191	emilie69@hotmail.fr	0419685825	$pbkdf2-sha256$29000$rLW29t77fy9lDGHs/T8HoA$4tlpLDgi9SK04rPO9pSdb1pB8ZSWVorkM71HxbhJLWM
224	200	guilloususan@paul.com	0219349103	$pbkdf2-sha256$29000$uZeSsraW8p7TGsPYW2vtfQ$MwSTaMsO8lj8.iz5WzAzuYTNWXoEFWG0uJlcHWdZyQQ
225	31	antoinette79@yahoo.fr	0116898060	$pbkdf2-sha256$29000$h9BaKwWgVEopZUxJiZGyFg$wy4cpUJ2BUst4P9NVnsfyQTYyquEemvWUTKm.HWEYrU
226	129	krolland@dbmail.com	0246591506	$pbkdf2-sha256$29000$zxmD8B4D4Lz3PgfA2NvbOw$28BOts9Ys.VGGPtY2sI3oUUVnj6e1C4aK4W0em.HVwU
227	230	jchevallier@marques.fr	0690898040	$pbkdf2-sha256$29000$3ntvDWFMSam19j6H0JrzXg$fq..bfoe7DjVlzeFbJ/4ODuu/g30soNz/ffYYLOezvE
228	107	alexandre76@briand.com	0483236517	$pbkdf2-sha256$29000$9p6zllKqVSrFuDfG.B.jlA$HxFLEob/QAGy6zISxUqH9zHt8ao2/ddtryvlyPFIBLQ
229	154	baudryedouard@petitjean.com	0338693432	$pbkdf2-sha256$29000$dQ5ByHlvDeFcy5mT0roXog$/GN/Z6XTxwQZKt1ImUvwnpC./XzciB5uSJYmZhBbJiY
230	102	robertmunoz@paul.com	0246536983	$pbkdf2-sha256$29000$D.G899773/tfyxkDgPCe8w$svumtsY915eo5QB9BIWtg.Ob54EQm9KvwKEDbT2yBbE
231	86	elise10@hernandez.net	0545192467	$pbkdf2-sha256$29000$/1/rHeMcQ8j5f4.RsnZOyQ$/GqIwm6w1Nx.lpzfdUEFhreCvHLlpv/NNWyQ5Rc/3mE
232	81	guillourene@diaz.fr	0498541494	$pbkdf2-sha256$29000$Tak1RiillDLG.J8TAmCsdQ$WHx5LAaS0k6i3taRlWx/vIEAFajy4rym3Em1eH2fyuc
233	96	jhoarau@dbmail.com	0505172342	$pbkdf2-sha256$29000$Z8x5T8lZqxUC4BzDmDNmjA$u4llTKOeOU4ZquaKzD3zLqW1DkT6dzW26hMt9iD1a40
234	174	gerard01@gaudin.net	0306324373	$pbkdf2-sha256$29000$6l1rzZlTCmEMASBkDIEQgg$FAOrzGUB0dgdBCEyb3CgOYm45mUFKssRTGMzg/VZzlY
235	120	rgilles@tele2.fr	0109744787	$pbkdf2-sha256$29000$4Dxn7L2XsjbGWMs55xyD8A$QwL3gZf8AiaL7HQ5RxiBLhdz8xAvHt9ypxaHvXHTFpU
236	109	alfredlucas@club-internet.fr	0668448480	$pbkdf2-sha256$29000$1Lo3RggBIIQQwhijFAIg5A$7r7qDyavO4MMC1AZSniZYa3FHknGd9M3OKk6QoDH0Go
237	242	ocharles@collet.fr	0483499716	$pbkdf2-sha256$29000$sZayVipFiFHqPeccgzAmxA$Kc4iXQgd.NL/LEJWPk7dbcaMvYLs3tI/Aj0xiZqJy4Y
238	229	suzanne40@laposte.net	0171354443	$pbkdf2-sha256$29000$6R1DCEEopXTuvffe21vrfQ$t3uheGVYYbaZGKAJaSgOXi0cQMz.WZerEsdCFBG.Ofk
239	66	emmanuelalves@menard.com	0866737285	$pbkdf2-sha256$29000$D.H8nxNibA2h9H4PYQzhHA$bdA9pXkgqd/IybLlDX.IYI8UFffQRbloGTiHjJWKnp0
240	103	daniellepaul@tiscali.fr	0646181176	$pbkdf2-sha256$29000$ohSilNL63xsD4ByjNKaUEg$d2pJztYIEC1GSK2WKxTDLmOI5m1SgIHly7PINPRgnZE
241	250	rguichard@lemaire.net	0692648728	$pbkdf2-sha256$29000$wXgPIcT4fy9lDMG4937PGQ$TqnDC9mH2LEuV1sJ5txCpN.RRotvcsEnsQ6AQK386Vc
242	137	susanschmitt@rolland.com	0111804736	$pbkdf2-sha256$29000$ohSCUMpZa611DoHQ.r8XQg$NmgNQ2CZ3cmTW/KXnAHMk3xSPtJl61JjsYcJ78ohX5s
243	60	jmonnier@hotmail.fr	0148527274	$pbkdf2-sha256$29000$YAwBIERIKQWgtJYyptS6dw$pxA8H/4ufVUaAEUUArAlJBi8I7E3RiO8rPGoyG2L8Cg
244	19	larochesusanne@gmail.com	0103098624	$pbkdf2-sha256$29000$fy.F0Pr/n3POuZcSQqhVSg$Iil26Jjhtr6VjfPtoihOB5BY/kPGWiseg9eiJJTe07s
245	121	tthibault@vincent.com	0181479155	$pbkdf2-sha256$29000$oxTC.J9TynlPydnbmxOi9A$bZiq.Ras3M13T/DY6qtxqWYaLifxSGFWg2QuuvYJtQg
246	161	laurence18@colas.net	0595384638	$pbkdf2-sha256$29000$7F1rLWVM6X2vlbK2NqbUmg$/kigm7.U8CK1c5rkp0bqHiXH4X3eecLtztLNduZPe4I
247	62	vberger@gmail.com	0162262815	$pbkdf2-sha256$29000$O.dcy5nzfo.xFiLEGGPsXQ$kwD0RCa69GyStbeM6JTTy41wL7FovQtRaOe2LyL2xbA
248	116	mgimenez@gerard.net	0290705469	$pbkdf2-sha256$29000$KGVMqfU.x7hXCuF87z2HkA$rcP/q1AZgGsLaiNnFkDDmZeUTZAUXvqgiMq68wxAUbU
249	125	eugene23@yahoo.fr	0533543554	$pbkdf2-sha256$29000$PufcWytFyBnDGKN0jjEGgA$FOx99QIxxL31Lcf/mh.AEyDFF0n8sXg1OytzuLAmhrc
250	169	devauxnoel@vasseur.fr	0144904496	$pbkdf2-sha256$29000$XKuVMkYIQeg9xzhnbM15Lw$uoJs7BSba6v1qOmBo/6sblzRfnppKJzZ41MhE.PXjLI
\.


--
-- Name: address_id_seq; Type: SEQUENCE SET; Schema: public; Owner: root
--

SELECT pg_catalog.setval('public.address_id_seq', 250, true);


--
-- Name: bill_id_seq; Type: SEQUENCE SET; Schema: public; Owner: root
--

SELECT pg_catalog.setval('public.bill_id_seq', 250, true);


--
-- Name: catalog_item_id_seq; Type: SEQUENCE SET; Schema: public; Owner: root
--

SELECT pg_catalog.setval('public.catalog_item_id_seq', 23, true);


--
-- Name: keyword_id_seq; Type: SEQUENCE SET; Schema: public; Owner: root
--

SELECT pg_catalog.setval('public.keyword_id_seq', 35, true);


--
-- Name: member_id_seq; Type: SEQUENCE SET; Schema: public; Owner: root
--

SELECT pg_catalog.setval('public.member_id_seq', 250, true);


--
-- Name: order_status_id_seq; Type: SEQUENCE SET; Schema: public; Owner: root
--

SELECT pg_catalog.setval('public.order_status_id_seq', 4, true);


--
-- Name: permission_id_seq; Type: SEQUENCE SET; Schema: public; Owner: root
--

SELECT pg_catalog.setval('public.permission_id_seq', 5, true);


--
-- Name: pizzeria_id_seq; Type: SEQUENCE SET; Schema: public; Owner: root
--

SELECT pg_catalog.setval('public.pizzeria_id_seq', 5, true);


--
-- Name: product_id_seq; Type: SEQUENCE SET; Schema: public; Owner: root
--

SELECT pg_catalog.setval('public.product_id_seq', 35, true);


--
-- Name: recipe_id_seq; Type: SEQUENCE SET; Schema: public; Owner: root
--

SELECT pg_catalog.setval('public.recipe_id_seq', 23, true);


--
-- Name: role_id_seq; Type: SEQUENCE SET; Schema: public; Owner: root
--

SELECT pg_catalog.setval('public.role_id_seq', 5, true);


--
-- Name: taken_order_id_seq; Type: SEQUENCE SET; Schema: public; Owner: root
--

SELECT pg_catalog.setval('public.taken_order_id_seq', 250, true);


--
-- Name: user_account_id_seq; Type: SEQUENCE SET; Schema: public; Owner: root
--

SELECT pg_catalog.setval('public.user_account_id_seq', 250, true);


--
-- Name: address address_pkey; Type: CONSTRAINT; Schema: public; Owner: root
--

ALTER TABLE ONLY public.address
    ADD CONSTRAINT address_pkey PRIMARY KEY (id);


--
-- Name: bill bill_pkey; Type: CONSTRAINT; Schema: public; Owner: root
--

ALTER TABLE ONLY public.bill
    ADD CONSTRAINT bill_pkey PRIMARY KEY (id);


--
-- Name: catalog_item catalog_item_pkey; Type: CONSTRAINT; Schema: public; Owner: root
--

ALTER TABLE ONLY public.catalog_item
    ADD CONSTRAINT catalog_item_pkey PRIMARY KEY (id);


--
-- Name: contains_item contains_item_pkey; Type: CONSTRAINT; Schema: public; Owner: root
--

ALTER TABLE ONLY public.contains_item
    ADD CONSTRAINT contains_item_pkey PRIMARY KEY (order_id, item_id);


--
-- Name: has_keyword has_keyword_pkey; Type: CONSTRAINT; Schema: public; Owner: root
--

ALTER TABLE ONLY public.has_keyword
    ADD CONSTRAINT has_keyword_pkey PRIMARY KEY (item_id, keyword_id);


--
-- Name: has_permission_to has_permission_to_pkey; Type: CONSTRAINT; Schema: public; Owner: root
--

ALTER TABLE ONLY public.has_permission_to
    ADD CONSTRAINT has_permission_to_pkey PRIMARY KEY (role_id, permission_id);


--
-- Name: has_product_in_stock has_product_in_stock_pkey; Type: CONSTRAINT; Schema: public; Owner: root
--

ALTER TABLE ONLY public.has_product_in_stock
    ADD CONSTRAINT has_product_in_stock_pkey PRIMARY KEY (pizzeria_id, product_id);


--
-- Name: keyword keyword_pkey; Type: CONSTRAINT; Schema: public; Owner: root
--

ALTER TABLE ONLY public.keyword
    ADD CONSTRAINT keyword_pkey PRIMARY KEY (id);


--
-- Name: member member_pkey; Type: CONSTRAINT; Schema: public; Owner: root
--

ALTER TABLE ONLY public.member
    ADD CONSTRAINT member_pkey PRIMARY KEY (id);


--
-- Name: order_status order_status_pkey; Type: CONSTRAINT; Schema: public; Owner: root
--

ALTER TABLE ONLY public.order_status
    ADD CONSTRAINT order_status_pkey PRIMARY KEY (id);


--
-- Name: permission permission_pkey; Type: CONSTRAINT; Schema: public; Owner: root
--

ALTER TABLE ONLY public.permission
    ADD CONSTRAINT permission_pkey PRIMARY KEY (id);


--
-- Name: pizzeria pizzeria_pkey; Type: CONSTRAINT; Schema: public; Owner: root
--

ALTER TABLE ONLY public.pizzeria
    ADD CONSTRAINT pizzeria_pkey PRIMARY KEY (id);


--
-- Name: product product_pkey; Type: CONSTRAINT; Schema: public; Owner: root
--

ALTER TABLE ONLY public.product
    ADD CONSTRAINT product_pkey PRIMARY KEY (id);


--
-- Name: recipe recipe_pkey; Type: CONSTRAINT; Schema: public; Owner: root
--

ALTER TABLE ONLY public.recipe
    ADD CONSTRAINT recipe_pkey PRIMARY KEY (id);


--
-- Name: requires_product requires_product_pkey; Type: CONSTRAINT; Schema: public; Owner: root
--

ALTER TABLE ONLY public.requires_product
    ADD CONSTRAINT requires_product_pkey PRIMARY KEY (recipe_id, product_id);


--
-- Name: role role_pkey; Type: CONSTRAINT; Schema: public; Owner: root
--

ALTER TABLE ONLY public.role
    ADD CONSTRAINT role_pkey PRIMARY KEY (id);


--
-- Name: taken_order taken_order_pkey; Type: CONSTRAINT; Schema: public; Owner: root
--

ALTER TABLE ONLY public.taken_order
    ADD CONSTRAINT taken_order_pkey PRIMARY KEY (id);


--
-- Name: user_account user_account_pkey; Type: CONSTRAINT; Schema: public; Owner: root
--

ALTER TABLE ONLY public.user_account
    ADD CONSTRAINT user_account_pkey PRIMARY KEY (id);


--
-- Name: contains_item contains_item_item_id_fkey; Type: FK CONSTRAINT; Schema: public; Owner: root
--

ALTER TABLE ONLY public.contains_item
    ADD CONSTRAINT contains_item_item_id_fkey FOREIGN KEY (item_id) REFERENCES public.catalog_item(id);


--
-- Name: contains_item contains_item_order_id_fkey; Type: FK CONSTRAINT; Schema: public; Owner: root
--

ALTER TABLE ONLY public.contains_item
    ADD CONSTRAINT contains_item_order_id_fkey FOREIGN KEY (order_id) REFERENCES public.taken_order(id);


--
-- Name: bill fk_bill_order; Type: FK CONSTRAINT; Schema: public; Owner: root
--

ALTER TABLE ONLY public.bill
    ADD CONSTRAINT fk_bill_order FOREIGN KEY (order_id) REFERENCES public.taken_order(id);


--
-- Name: catalog_item fk_catalog_item_product; Type: FK CONSTRAINT; Schema: public; Owner: root
--

ALTER TABLE ONLY public.catalog_item
    ADD CONSTRAINT fk_catalog_item_product FOREIGN KEY (product_id) REFERENCES public.product(id);


--
-- Name: catalog_item fk_catalog_item_recipe; Type: FK CONSTRAINT; Schema: public; Owner: root
--

ALTER TABLE ONLY public.catalog_item
    ADD CONSTRAINT fk_catalog_item_recipe FOREIGN KEY (recipe_id) REFERENCES public.recipe(id);


--
-- Name: member fk_member_address; Type: FK CONSTRAINT; Schema: public; Owner: root
--

ALTER TABLE ONLY public.member
    ADD CONSTRAINT fk_member_address FOREIGN KEY (address_id) REFERENCES public.address(id);


--
-- Name: member fk_member_pizzeria; Type: FK CONSTRAINT; Schema: public; Owner: root
--

ALTER TABLE ONLY public.member
    ADD CONSTRAINT fk_member_pizzeria FOREIGN KEY (works_at_pizzeria_id) REFERENCES public.pizzeria(id);


--
-- Name: member fk_member_user_account; Type: FK CONSTRAINT; Schema: public; Owner: root
--

ALTER TABLE ONLY public.member
    ADD CONSTRAINT fk_member_user_account FOREIGN KEY (user_account_id) REFERENCES public.user_account(id);


--
-- Name: taken_order fk_order_address; Type: FK CONSTRAINT; Schema: public; Owner: root
--

ALTER TABLE ONLY public.taken_order
    ADD CONSTRAINT fk_order_address FOREIGN KEY (address_id) REFERENCES public.address(id);


--
-- Name: taken_order fk_order_bill; Type: FK CONSTRAINT; Schema: public; Owner: root
--

ALTER TABLE ONLY public.taken_order
    ADD CONSTRAINT fk_order_bill FOREIGN KEY (bill_id) REFERENCES public.bill(id);


--
-- Name: taken_order fk_order_member; Type: FK CONSTRAINT; Schema: public; Owner: root
--

ALTER TABLE ONLY public.taken_order
    ADD CONSTRAINT fk_order_member FOREIGN KEY (member_id) REFERENCES public.member(id);


--
-- Name: taken_order fk_order_pizzeria; Type: FK CONSTRAINT; Schema: public; Owner: root
--

ALTER TABLE ONLY public.taken_order
    ADD CONSTRAINT fk_order_pizzeria FOREIGN KEY (pizzeria_id) REFERENCES public.pizzeria(id);


--
-- Name: taken_order fk_order_status; Type: FK CONSTRAINT; Schema: public; Owner: root
--

ALTER TABLE ONLY public.taken_order
    ADD CONSTRAINT fk_order_status FOREIGN KEY (status_id) REFERENCES public.order_status(id);


--
-- Name: pizzeria fk_pizzeria_address; Type: FK CONSTRAINT; Schema: public; Owner: root
--

ALTER TABLE ONLY public.pizzeria
    ADD CONSTRAINT fk_pizzeria_address FOREIGN KEY (address_id) REFERENCES public.address(id);


--
-- Name: user_account fk_user_account_member; Type: FK CONSTRAINT; Schema: public; Owner: root
--

ALTER TABLE ONLY public.user_account
    ADD CONSTRAINT fk_user_account_member FOREIGN KEY (member_id) REFERENCES public.member(id);


--
-- Name: has_keyword has_keyword_item_id_fkey; Type: FK CONSTRAINT; Schema: public; Owner: root
--

ALTER TABLE ONLY public.has_keyword
    ADD CONSTRAINT has_keyword_item_id_fkey FOREIGN KEY (item_id) REFERENCES public.catalog_item(id);


--
-- Name: has_keyword has_keyword_keyword_id_fkey; Type: FK CONSTRAINT; Schema: public; Owner: root
--

ALTER TABLE ONLY public.has_keyword
    ADD CONSTRAINT has_keyword_keyword_id_fkey FOREIGN KEY (keyword_id) REFERENCES public.keyword(id);


--
-- Name: has_permission_to has_permission_to_permission_id_fkey; Type: FK CONSTRAINT; Schema: public; Owner: root
--

ALTER TABLE ONLY public.has_permission_to
    ADD CONSTRAINT has_permission_to_permission_id_fkey FOREIGN KEY (permission_id) REFERENCES public.permission(id);


--
-- Name: has_permission_to has_permission_to_role_id_fkey; Type: FK CONSTRAINT; Schema: public; Owner: root
--

ALTER TABLE ONLY public.has_permission_to
    ADD CONSTRAINT has_permission_to_role_id_fkey FOREIGN KEY (role_id) REFERENCES public.role(id);


--
-- Name: has_product_in_stock has_product_in_stock_pizzeria_id_fkey; Type: FK CONSTRAINT; Schema: public; Owner: root
--

ALTER TABLE ONLY public.has_product_in_stock
    ADD CONSTRAINT has_product_in_stock_pizzeria_id_fkey FOREIGN KEY (pizzeria_id) REFERENCES public.pizzeria(id);


--
-- Name: has_product_in_stock has_product_in_stock_product_id_fkey; Type: FK CONSTRAINT; Schema: public; Owner: root
--

ALTER TABLE ONLY public.has_product_in_stock
    ADD CONSTRAINT has_product_in_stock_product_id_fkey FOREIGN KEY (product_id) REFERENCES public.product(id);


--
-- Name: requires_product requires_product_product_id_fkey; Type: FK CONSTRAINT; Schema: public; Owner: root
--

ALTER TABLE ONLY public.requires_product
    ADD CONSTRAINT requires_product_product_id_fkey FOREIGN KEY (product_id) REFERENCES public.product(id);


--
-- Name: requires_product requires_product_recipe_id_fkey; Type: FK CONSTRAINT; Schema: public; Owner: root
--

ALTER TABLE ONLY public.requires_product
    ADD CONSTRAINT requires_product_recipe_id_fkey FOREIGN KEY (recipe_id) REFERENCES public.recipe(id);


--
-- Name: SCHEMA public; Type: ACL; Schema: -; Owner: root
--

REVOKE ALL ON SCHEMA public FROM rdsadmin;
REVOKE ALL ON SCHEMA public FROM PUBLIC;
GRANT ALL ON SCHEMA public TO root;
GRANT ALL ON SCHEMA public TO PUBLIC;


--
-- PostgreSQL database dump complete
--

